Workbook

Sheet Yhteenveto
B2: KUSTANNUKSET | D2: M€ | H2: Huom.: Vuoden 2023 eurot
B3: Investointikustannukset | D3: =Investointikustannus!X23 -> 0
B4: Rakentamisen aikainen korko | D4: =Investointikustannus!D6-D3 -> 0
B5: Julkisten varojen rajakustannus (verokerroin) | D5: =(Diskonttaus!B10-1)*(Yhteenveto!D3+Yhteenveto!D4) -> 0
B6: Kustannukset yhteensä | D6: =SUM(D3:D5) -> 0 | F6: =MAX(D6,D26) -> #VALUE!
B8: HYÖDYT | D8: M€
B9: Väylänpitäjän kustannusmuutokset
B10: Kunnossapitokustannukset | C10: =-D10 -> 0 | D10: =-(Tuottajahyodyt!L70+Tuottajahyodyt!L90)/1000000 -> 0
B11: Kuluttajan ylijäämä
B12: Aikakustannukset | C12: =-D12 -> 0 | D12: =Kayttajahyodyt!M23/1000000 -> 0
B13: Ajoneuvokustannukset | C13: =-D13 -> 0 | D13: =Kayttajahyodyt!M36/1000000 -> 0
B14: Liput, verot ja maksut | C14: =-D14 -> 0 | D14: =Kayttajahyodyt!M51/1000000 -> 0
B15: Tuottajan ylijäämä
B16: Liikennöintikustannukset | C16: =-D16 -> 0 | D16: =-Tuottajahyodyt!O23/1000000 -> 0
B17: Tulot liikennepalveluista | C17: =-D17 -> 0 | D17: =Tuottajahyodyt!F48/1000000 -> 0
B18: Turvallisuusvaikutukset
B19: Onnettomuuskustannukset | C19: =-D19 -> 0 | D19: =-Ulkoisvaikutukset!C41/1000000 -> 0
B20: Ympäristövaikutukset
B21: Päästökustannukset | C21: =-D21 -> 0 | D21: =-Ulkoisvaikutukset!D41/1000000 -> 0
B22: Melukustannukset | C22: =-D22 -> #VALUE! | D22: =-Ulkoisvaikutukset!E41/1000000 -> #VALUE!
B23: Vaikutukset julkistalouteen
B24: Vero-, maksu- ja muut tulot | C24: =-D24 -> 0 | D24: =Julkistaloudelliset!C16/1000000 -> 0
B25: Investoinnin jäännösarvo | C25: =-D25 -> 0 | D25: =Investointikustannus!AA23 -> 0
B26: Hyödyt yhteensä | C26: =-D26 -> #VALUE! | D26: =SUM(D10:D25) -> #VALUE!
B29: Nettohyöty | D29: =D26-D6 -> #VALUE!
B31: Infrahankkeille
B32: H/Ki | D32: =D26/D6 -> #VALUE!
B34: Liikennöintimuutoksille
B35: H/Kioy | D35: =(SUM(D12:D14)+SUM(D19:D22)+D25)/(D6-D10-SUM(D16:D17)-D24) -> #VALUE!

Sheet Diskonttaus
A1: Nykyhetki | B1: 2023 | E1: Investointi | F1: =B3 -> 2045 | I1: Investointi | J1: =B5 -> 2055 | M1: Hyödyt 1 | R1: Hyödyt 2 | X1: Ajokustannukset 1 | AB1: Ajokustannukset 2 | AE1: Muut kustannukset 1 | AH1: Muut kustannukset 2
A2: Diskonttausvuosi | B2: 2045 | D2: Vuosi | E2: Kustannus | F2: Diskontto | H2: Vuosi | I2: Kustannus | J2: Diskontto | L2: Vuosi | M2: Nimellinen | N2: Reaali | O2: Diskontto | Q2: Vuosi | R2: Nimellinen | S2: Reaali | T2: Diskontto | V2: Vuosi | W2: Nimellinen | X2: Diskontto | Z2: Vuosi | AA2: Nimellinen | AB2: Diskontto | AD2: Vuosi | AE2: Diskontto | AG2: Vuosi | AH2: Diskontto
A3: Avausvuosi 1 | B3: 2045 | D3: =B3-1 -> 2044 | E3: =Investointikustannus!L23 -> 0 | F3: =E3*(1+$B$8)^($B$2-D3) -> 0 | H3: =B5-1 -> 2054 | I3: =Investointikustannus!W23 -> 0 | J3: =I3*(1+$B$8)^($B$2-H3) -> 0 | L3: =B3 -> 2045 | M3: =IF($B$17=0,1,MIN($B$16/$B$15,1+(L3-$B$4)*$B$17)) -> 1 | N3: =M3*(1+$B$9)^(L3-$B$2) -> 1 | O3: =N3/(1+$B$8)^(L3-$B$2) -> 1 | Q3: =B5 -> 2055 | R3: =IF($B$17=0,1,MIN(1,(1+(Q3-$B$4)*$B$17)/($B$16/$B$15))) -> 1 | S3: =R3*(1+$B$9)^(Q3-$B$2) -> 1.1491575 | T3: =S3/(1+$B$8)^(Q3-$B$2) -> 0.81465936 | V3: =B3 -> 2045 | W3: =(1+$B$24)^(L3-$B$4) -> 1 | X3: =W3/(1+$B$8)^(L3-$B$2) -> 1 | Z3: =B5 -> 2055 | AA3: =(1+$B$24)^(Q3-$B$6) -> 1 | AB3: =AA3/(1+$B$8)^(Q3-$B$2) -> 0.70891881 | AD3: =B3 -> 2045 | AE3: =1/(1+$B$8)^(L3-$B$2) -> 1 | AG3: =B5 -> 2055 | AH3: =1/(1+$B$8)^(Q3-$B$2) -> 0.70891881
A4: Ennustevuosi 1 | B4: 2045 | D4: =D3-1 -> 2043 | E4: =Investointikustannus!K23 -> 0 | F4: =E4*(1+$B$8)^($B$2-D4) -> 0 | H4: =H3-1 -> 2053 | I4: =Investointikustannus!V23 -> 0 | J4: =I4*(1+$B$8)^($B$2-H4) -> 0 | L4: =L3+1 -> 2046 | M4: =IF($B$17=0,1,MIN($B$16/$B$15,1+(L4-$B$4)*$B$17)) -> 1 | N4: =M4*(1+$B$9)^(L4-$B$2) -> 1.014 | O4: =N4/(1+$B$8)^(L4-$B$2) -> 0.97971014 | Q4: =Q3+1 -> 2056 | R4: =IF($B$17=0,1,MIN(1,(1+(Q4-$B$4)*$B$17)/($B$16/$B$15))) -> 1 | S4: =R4*(1+$B$9)^(Q4-$B$2) -> 1.1652457 | T4: =S4/(1+$B$8)^(Q4-$B$2) -> 0.79813004 | V4: =V3+1 -> 2046 | W4: =(1+$B$24)^(L4-$B$4) -> 1 | X4: =W4/(1+$B$8)^(L4-$B$2) -> 0.96618357 | Z4: =Z3+1 -> 2056 | AA4: =(1+$B$24)^(Q4-$B$6) -> 1 | AB4: =AA4/(1+$B$8)^(Q4-$B$2) -> 0.68494571 | AD4: =AD3+1 -> 2046 | AE4: =1/(1+$B$8)^(L4-$B$2) -> 0.96618357 | AG4: =AG3+1 -> 2056 | AH4: =1/(1+$B$8)^(Q4-$B$2) -> 0.68494571
A5: Avausvuosi 2 | B5: 2055 | D5: =D4-1 -> 2042 | E5: =Investointikustannus!J23 -> 0 | F5: =E5*(1+$B$8)^($B$2-D5) -> 0 | H5: =H4-1 -> 2052 | I5: =Investointikustannus!U23 -> 0 | J5: =I5*(1+$B$8)^($B$2-H5) -> 0 | L5: =L4+1 -> 2047 | M5: =IF($B$17=0,1,MIN($B$16/$B$15,1+(L5-$B$4)*$B$17)) -> 1 | N5: =M5*(1+$B$9)^(L5-$B$2) -> 1.028196 | O5: =N5/(1+$B$8)^(L5-$B$2) -> 0.95983197 | Q5: =Q4+1 -> 2057 | R5: =IF($B$17=0,1,MIN(1,(1+(Q5-$B$4)*$B$17)/($B$16/$B$15))) -> 1 | S5: =R5*(1+$B$9)^(Q5-$B$2) -> 1.1815591 | T5: =S5/(1+$B$8)^(Q5-$B$2) -> 0.7819361 | V5: =V4+1 -> 2047 | W5: =(1+$B$24)^(L5-$B$4) -> 1 | X5: =W5/(1+$B$8)^(L5-$B$2) -> 0.9335107 | Z5: =Z4+1 -> 2057 | AA5: =(1+$B$24)^(Q5-$B$6) -> 1 | AB5: =AA5/(1+$B$8)^(Q5-$B$2) -> 0.6617833 | AD5: =AD4+1 -> 2047 | AE5: =1/(1+$B$8)^(L5-$B$2) -> 0.9335107 | AG5: =AG4+1 -> 2057 | AH5: =1/(1+$B$8)^(Q5-$B$2) -> 0.6617833
A6: Ennustevuosi 2 | B6: 2060 | D6: =D5-1 -> 2041 | E6: =Investointikustannus!I23 -> 0 | F6: =E6*(1+$B$8)^($B$2-D6) -> 0 | H6: =H5-1 -> 2051 | I6: =Investointikustannus!T23 -> 0 | J6: =I6*(1+$B$8)^($B$2-H6) -> 0 | L6: =L5+1 -> 2048 | M6: =IF($B$17=0,1,MIN($B$16/$B$15,1+(L6-$B$4)*$B$17)) -> 1 | N6: =M6*(1+$B$9)^(L6-$B$2) -> 1.0425907 | O6: =N6/(1+$B$8)^(L6-$B$2) -> 0.94035712 | Q6: =Q5+1 -> 2058 | R6: =IF($B$17=0,1,MIN(1,(1+(Q6-$B$4)*$B$17)/($B$16/$B$15))) -> 1 | S6: =R6*(1+$B$9)^(Q6-$B$2) -> 1.198101 | T6: =S6/(1+$B$8)^(Q6-$B$2) -> 0.76607073 | V6: =V5+1 -> 2048 | W6: =(1+$B$24)^(L6-$B$4) -> 1 | X6: =W6/(1+$B$8)^(L6-$B$2) -> 0.90194271 | Z6: =Z5+1 -> 2058 | AA6: =(1+$B$24)^(Q6-$B$6) -> 1 | AB6: =AA6/(1+$B$8)^(Q6-$B$2) -> 0.63940415 | AD6: =AD5+1 -> 2048 | AE6: =1/(1+$B$8)^(L6-$B$2) -> 0.90194271 | AG6: =AG5+1 -> 2058 | AH6: =1/(1+$B$8)^(Q6-$B$2) -> 0.63940415
A7: Tarkastelujakso [vuotta] | B7: 30 | D7: =D6-1 -> 2040 | E7: =Investointikustannus!H23 -> 0 | F7: =E7*(1+$B$8)^($B$2-D7) -> 0 | H7: =H6-1 -> 2050 | I7: =Investointikustannus!S23 -> 0 | J7: =I7*(1+$B$8)^($B$2-H7) -> 0 | L7: =L6+1 -> 2049 | M7: =IF($B$17=0,1,MIN($B$16/$B$15,1+(L7-$B$4)*$B$17)) -> 1 | N7: =M7*(1+$B$9)^(L7-$B$2) -> 1.057187 | O7: =N7/(1+$B$8)^(L7-$B$2) -> 0.92127741 | Q7: =Q6+1 -> 2059 | R7: =IF($B$17=0,1,MIN(1,(1+(Q7-$B$4)*$B$17)/($B$16/$B$15))) -> 1 | S7: =R7*(1+$B$9)^(Q7-$B$2) -> 1.2148744 | T7: =S7/(1+$B$8)^(Q7-$B$2) -> 0.75052726 | V7: =V6+1 -> 2049 | W7: =(1+$B$24)^(L7-$B$4) -> 1 | X7: =W7/(1+$B$8)^(L7-$B$2) -> 0.87144223 | Z7: =Z6+1 -> 2059 | AA7: =(1+$B$24)^(Q7-$B$6) -> 1 | AB7: =AA7/(1+$B$8)^(Q7-$B$2) -> 0.61778179 | AD7: =AD6+1 -> 2049 | AE7: =1/(1+$B$8)^(L7-$B$2) -> 0.87144223 | AG7: =AG6+1 -> 2059 | AH7: =1/(1+$B$8)^(Q7-$B$2) -> 0.61778179
A8: Laskentakorko | B8: 0.035 | D8: =D7-1 -> 2039 | E8: =Investointikustannus!G23 -> 0 | F8: =E8*(1+$B$8)^($B$2-D8) -> 0 | H8: =H7-1 -> 2049 | I8: =Investointikustannus!R23 -> 0 | J8: =I8*(1+$B$8)^($B$2-H8) -> 0 | L8: =L7+1 -> 2050 | M8: =IF($B$17=0,1,MIN($B$16/$B$15,1+(L8-$B$4)*$B$17)) -> 1 | N8: =M8*(1+$B$9)^(L8-$B$2) -> 1.0719876 | O8: =N8/(1+$B$8)^(L8-$B$2) -> 0.90258482 | Q8: =Q7+1 -> 2060 | R8: =IF($B$17=0,1,MIN(1,(1+(Q8-$B$4)*$B$17)/($B$16/$B$15))) -> 1 | S8: =R8*(1+$B$9)^(Q8-$B$2) -> 1.2318826 | T8: =S8/(1+$B$8)^(Q8-$B$2) -> 0.73529917 | V8: =V7+1 -> 2050 | W8: =(1+$B$24)^(L8-$B$4) -> 1 | X8: =W8/(1+$B$8)^(L8-$B$2) -> 0.84197317 | Z8: =Z7+1 -> 2060 | AA8: =(1+$B$24)^(Q8-$B$6) -> 1 | AB8: =AA8/(1+$B$8)^(Q8-$B$2) -> 0.59689062 | AD8: =AD7+1 -> 2050 | AE8: =1/(1+$B$8)^(L8-$B$2) -> 0.84197317 | AG8: =AG7+1 -> 2060 | AH8: =1/(1+$B$8)^(Q8-$B$2) -> 0.59689062
A9: Yksikköarvojen korko | B9: 0.014 | D9: =D8-1 -> 2038 | E9: =Investointikustannus!F23 -> 0 | F9: =E9*(1+$B$8)^($B$2-D9) -> 0 | H9: =H8-1 -> 2048 | I9: =Investointikustannus!Q23 -> 0 | J9: =I9*(1+$B$8)^($B$2-H9) -> 0 | L9: =L8+1 -> 2051 | M9: =IF($B$17=0,1,MIN($B$16/$B$15,1+(L9-$B$4)*$B$17)) -> 1 | N9: =M9*(1+$B$9)^(L9-$B$2) -> 1.0869955 | O9: =N9/(1+$B$8)^(L9-$B$2) -> 0.88427151 | Q9: =Q8+1 -> 2061 | R9: =IF($B$17=0,1,MIN(1,(1+(Q9-$B$4)*$B$17)/($B$16/$B$15))) -> 1 | S9: =R9*(1+$B$9)^(Q9-$B$2) -> 1.249129 | T9: =S9/(1+$B$8)^(Q9-$B$2) -> 0.72038006 | V9: =V8+1 -> 2051 | W9: =(1+$B$24)^(L9-$B$4) -> 1 | X9: =W9/(1+$B$8)^(L9-$B$2) -> 0.81350064 | Z9: =Z8+1 -> 2061 | AA9: =(1+$B$24)^(Q9-$B$6) -> 1 | AB9: =AA9/(1+$B$8)^(Q9-$B$2) -> 0.57670591 | AD9: =AD8+1 -> 2051 | AE9: =1/(1+$B$8)^(L9-$B$2) -> 0.81350064 | AG9: =AG8+1 -> 2061 | AH9: =1/(1+$B$8)^(Q9-$B$2) -> 0.57670591
A10: Verokerroin | B10: 1.2 | D10: =D9-1 -> 2037 | E10: =Investointikustannus!E23 -> 0 | F10: =E10*(1+$B$8)^($B$2-D10) -> 0 | H10: =H9-1 -> 2047 | I10: =Investointikustannus!P23 -> 0 | J10: =I10*(1+$B$8)^($B$2-H10) -> 0 | L10: =L9+1 -> 2052 | M10: =IF($B$17=0,1,MIN($B$16/$B$15,1+(L10-$B$4)*$B$17)) -> 1 | N10: =M10*(1+$B$9)^(L10-$B$2) -> 1.1022134 | O10: =N10/(1+$B$8)^(L10-$B$2) -> 0.86632977 | Q10: =Q9+1 -> 2062 | R10: =IF($B$17=0,1,MIN(1,(1+(Q10-$B$4)*$B$17)/($B$16/$B$15))) -> 1 | S10: =R10*(1+$B$9)^(Q10-$B$2) -> 1.2666168 | T10: =S10/(1+$B$8)^(Q10-$B$2) -> 0.70576365 | V10: =V9+1 -> 2052 | W10: =(1+$B$24)^(L10-$B$4) -> 1 | X10: =W10/(1+$B$8)^(L10-$B$2) -> 0.78599096 | Z10: =Z9+1 -> 2062 | AA10: =(1+$B$24)^(Q10-$B$6) -> 1 | AB10: =AA10/(1+$B$8)^(Q10-$B$2) -> 0.55720378 | AD10: =AD9+1 -> 2052 | AE10: =1/(1+$B$8)^(L10-$B$2) -> 0.78599096 | AG10: =AG9+1 -> 2062 | AH10: =1/(1+$B$8)^(Q10-$B$2) -> 0.55720378
A11: Vuosilaajennus | B11: 300 | D11: =D10-1 -> 2036 | E11: =Investointikustannus!D23 -> 0 | F11: =E11*(1+$B$8)^($B$2-D11) -> 0 | H11: =H10-1 -> 2046 | I11: =Investointikustannus!O23 -> 0 | J11: =I11*(1+$B$8)^($B$2-H11) -> 0 | L11: =L10+1 -> 2053 | M11: =IF($B$17=0,1,MIN($B$16/$B$15,1+(L11-$B$4)*$B$17)) -> 1 | N11: =M11*(1+$B$9)^(L11-$B$2) -> 1.1176444 | O11: =N11/(1+$B$8)^(L11-$B$2) -> 0.84875206 | Q11: =Q10+1 -> 2063 | R11: =IF($B$17=0,1,MIN(1,(1+(Q11-$B$4)*$B$17)/($B$16/$B$15))) -> 1 | S11: =R11*(1+$B$9)^(Q11-$B$2) -> 1.2843494 | T11: =S11/(1+$B$8)^(Q11-$B$2) -> 0.69144381 | V11: =V10+1 -> 2053 | W11: =(1+$B$24)^(L11-$B$4) -> 1 | X11: =W11/(1+$B$8)^(L11-$B$2) -> 0.75941156 | Z11: =Z10+1 -> 2063 | AA11: =(1+$B$24)^(Q11-$B$6) -> 1 | AB11: =AA11/(1+$B$8)^(Q11-$B$2) -> 0.53836114 | AD11: =AD10+1 -> 2053 | AE11: =1/(1+$B$8)^(L11-$B$2) -> 0.75941156 | AG11: =AG10+1 -> 2063 | AH11: =1/(1+$B$8)^(Q11-$B$2) -> 0.53836114
D12: =D11-1 -> 2035 | E12: =Investointikustannus!C23 -> 0 | F12: =E12*(1+$B$8)^($B$2-D12) -> 0 | H12: =H11-1 -> 2045 | I12: =Investointikustannus!N23 -> 0 | J12: =I12*(1+$B$8)^($B$2-H12) -> 0 | L12: =L11+1 -> 2054 | M12: =IF($B$17=0,1,MIN($B$16/$B$15,1+(L12-$B$4)*$B$17)) -> 1 | N12: =M12*(1+$B$9)^(L12-$B$2) -> 1.1332914 | O12: =N12/(1+$B$8)^(L12-$B$2) -> 0.831531 | Q12: =Q11+1 -> 2064 | R12: =IF($B$17=0,1,MIN(1,(1+(Q12-$B$4)*$B$17)/($B$16/$B$15))) -> 1 | S12: =R12*(1+$B$9)^(Q12-$B$2) -> 1.3023303 | T12: =S12/(1+$B$8)^(Q12-$B$2) -> 0.67741452 | V12: =V11+1 -> 2054 | W12: =(1+$B$24)^(L12-$B$4) -> 1 | X12: =W12/(1+$B$8)^(L12-$B$2) -> 0.73373097 | Z12: =Z11+1 -> 2064 | AA12: =(1+$B$24)^(Q12-$B$6) -> 1 | AB12: =AA12/(1+$B$8)^(Q12-$B$2) -> 0.52015569 | AD12: =AD11+1 -> 2054 | AE12: =1/(1+$B$8)^(L12-$B$2) -> 0.73373097 | AG12: =AG11+1 -> 2064 | AH12: =1/(1+$B$8)^(Q12-$B$2) -> 0.52015569
A13: Nykyhetki-avausvuosi 1 | B13: =((1+B9)^(B3-B1)) -> 1.3577975 | D13: Summa | E13: =SUM(E3:E12) -> 0 | F13: =SUM(F3:F12) -> 0 | H13: Summa | I13: =SUM(I3:I12) -> 0 | J13: =SUM(J3:J12) -> 0 | L13: =L12+1 -> 2055 | M13: =IF($B$17=0,1,MIN($B$16/$B$15,1+(L13-$B$4)*$B$17)) -> 1 | N13: =M13*(1+$B$9)^(L13-$B$2) -> 1.1491575 | O13: =N13/(1+$B$8)^(L13-$B$2) -> 0.81465936 | Q13: =Q12+1 -> 2065 | R13: =IF($B$17=0,1,MIN(1,(1+(Q13-$B$4)*$B$17)/($B$16/$B$15))) -> 1 | S13: =R13*(1+$B$9)^(Q13-$B$2) -> 1.3205629 | T13: =S13/(1+$B$8)^(Q13-$B$2) -> 0.66366987 | V13: =V12+1 -> 2055 | W13: =(1+$B$24)^(L13-$B$4) -> 1 | X13: =W13/(1+$B$8)^(L13-$B$2) -> 0.70891881 | Z13: =Z12+1 -> 2065 | AA13: =(1+$B$24)^(Q13-$B$6) -> 1 | AB13: =AA13/(1+$B$8)^(Q13-$B$2) -> 0.50256588 | AD13: =AD12+1 -> 2055 | AE13: =1/(1+$B$8)^(L13-$B$2) -> 0.70891881 | AG13: =AG12+1 -> 2065 | AH13: =1/(1+$B$8)^(Q13-$B$2) -> 0.50256588
L14: =L13+1 -> 2056 | M14: =IF($B$17=0,1,MIN($B$16/$B$15,1+(L14-$B$4)*$B$17)) -> 1 | N14: =M14*(1+$B$9)^(L14-$B$2) -> 1.1652457 | O14: =N14/(1+$B$8)^(L14-$B$2) -> 0.79813004 | Q14: =Q13+1 -> 2066 | R14: =IF($B$17=0,1,MIN(1,(1+(Q14-$B$4)*$B$17)/($B$16/$B$15))) -> 1 | S14: =R14*(1+$B$9)^(Q14-$B$2) -> 1.3390508 | T14: =S14/(1+$B$8)^(Q14-$B$2) -> 0.65020411 | V14: =V13+1 -> 2056 | W14: =(1+$B$24)^(L14-$B$4) -> 1 | X14: =W14/(1+$B$8)^(L14-$B$2) -> 0.68494571 | Z14: =Z13+1 -> 2066 | AA14: =(1+$B$24)^(Q14-$B$6) -> 1 | AB14: =AA14/(1+$B$8)^(Q14-$B$2) -> 0.4855709 | AD14: =AD13+1 -> 2056 | AE14: =1/(1+$B$8)^(L14-$B$2) -> 0.68494571 | AG14: =AG13+1 -> 2066 | AH14: =1/(1+$B$8)^(Q14-$B$2) -> 0.4855709
A15: Hyötyindeksi ev 1 | B15: 100 | L15: =L14+1 -> 2057 | M15: =IF($B$17=0,1,MIN($B$16/$B$15,1+(L15-$B$4)*$B$17)) -> 1 | N15: =M15*(1+$B$9)^(L15-$B$2) -> 1.1815591 | O15: =N15/(1+$B$8)^(L15-$B$2) -> 0.7819361 | Q15: =Q14+1 -> 2067 | R15: =IF($B$17=0,1,MIN(1,(1+(Q15-$B$4)*$B$17)/($B$16/$B$15))) -> 1 | S15: =R15*(1+$B$9)^(Q15-$B$2) -> 1.3577975 | T15: =S15/(1+$B$8)^(Q15-$B$2) -> 0.63701156 | V15: =V14+1 -> 2057 | W15: =(1+$B$24)^(L15-$B$4) -> 1 | X15: =W15/(1+$B$8)^(L15-$B$2) -> 0.6617833 | Z15: =Z14+1 -> 2067 | AA15: =(1+$B$24)^(Q15-$B$6) -> 1 | AB15: =AA15/(1+$B$8)^(Q15-$B$2) -> 0.46915063 | AD15: =AD14+1 -> 2057 | AE15: =1/(1+$B$8)^(L15-$B$2) -> 0.6617833 | AG15: =AG14+1 -> 2067 | AH15: =1/(1+$B$8)^(Q15-$B$2) -> 0.46915063
A16: Hyötyindeksi ev 2 | B16: =IF(Kayttajahyodyt!M21=0,"Ennuste 2 puuttuu",Kayttajahyodyt!M21/Kayttajahyodyt!M16*100) -> Ennuste 2 puuttuu | L16: =L15+1 -> 2058 | M16: =IF($B$17=0,1,MIN($B$16/$B$15,1+(L16-$B$4)*$B$17)) -> 1 | N16: =M16*(1+$B$9)^(L16-$B$2) -> 1.198101 | O16: =N16/(1+$B$8)^(L16-$B$2) -> 0.76607073 | Q16: =Q15+1 -> 2068 | R16: =IF($B$17=0,1,MIN(1,(1+(Q16-$B$4)*$B$17)/($B$16/$B$15))) -> 1 | S16: =R16*(1+$B$9)^(Q16-$B$2) -> 1.3768067 | T16: =S16/(1+$B$8)^(Q16-$B$2) -> 0.62408669 | V16: =V15+1 -> 2058 | W16: =(1+$B$24)^(L16-$B$4) -> 1 | X16: =W16/(1+$B$8)^(L16-$B$2) -> 0.63940415 | Z16: =Z15+1 -> 2068 | AA16: =(1+$B$24)^(Q16-$B$6) -> 1 | AB16: =AA16/(1+$B$8)^(Q16-$B$2) -> 0.45328563 | AD16: =AD15+1 -> 2058 | AE16: =1/(1+$B$8)^(L16-$B$2) -> 0.63940415 | AG16: =AG15+1 -> 2068 | AH16: =1/(1+$B$8)^(Q16-$B$2) -> 0.45328563
A17: Hyötyjen kasvu | B17: =IF(AND(ISNUMBER(B6),B6>B4,ISNUMBER(B16)),(B16/B15-1)/(B6-B4),0) -> 0 | L17: =L16+1 -> 2059 | M17: =IF($B$17=0,1,MIN($B$16/$B$15,1+(L17-$B$4)*$B$17)) -> 1 | N17: =M17*(1+$B$9)^(L17-$B$2) -> 1.2148744 | O17: =N17/(1+$B$8)^(L17-$B$2) -> 0.75052726 | Q17: =Q16+1 -> 2069 | R17: =IF($B$17=0,1,MIN(1,(1+(Q17-$B$4)*$B$17)/($B$16/$B$15))) -> 1 | S17: =R17*(1+$B$9)^(Q17-$B$2) -> 1.396082 | T17: =S17/(1+$B$8)^(Q17-$B$2) -> 0.61142406 | V17: =V16+1 -> 2059 | W17: =(1+$B$24)^(L17-$B$4) -> 1 | X17: =W17/(1+$B$8)^(L17-$B$2) -> 0.61778179 | Z17: =Z16+1 -> 2069 | AA17: =(1+$B$24)^(Q17-$B$6) -> 1 | AB17: =AA17/(1+$B$8)^(Q17-$B$2) -> 0.43795713 | AD17: =AD16+1 -> 2059 | AE17: =1/(1+$B$8)^(L17-$B$2) -> 0.61778179 | AG17: =AG16+1 -> 2069 | AH17: =1/(1+$B$8)^(Q17-$B$2) -> 0.43795713
L18: =L17+1 -> 2060 | M18: =IF($B$17=0,1,MIN($B$16/$B$15,1+(L18-$B$4)*$B$17)) -> 1 | N18: =M18*(1+$B$9)^(L18-$B$2) -> 1.2318826 | O18: =N18/(1+$B$8)^(L18-$B$2) -> 0.73529917 | Q18: =Q17+1 -> 2070 | R18: =IF($B$17=0,1,MIN(1,(1+(Q18-$B$4)*$B$17)/($B$16/$B$15))) -> 1 | S18: =R18*(1+$B$9)^(Q18-$B$2) -> 1.4156271 | T18: =S18/(1+$B$8)^(Q18-$B$2) -> 0.59901835 | V18: =V17+1 -> 2060 | W18: =(1+$B$24)^(L18-$B$4) -> 1 | X18: =W18/(1+$B$8)^(L18-$B$2) -> 0.59689062 | Z18: =Z17+1 -> 2070 | AA18: =(1+$B$24)^(Q18-$B$6) -> 1 | AB18: =AA18/(1+$B$8)^(Q18-$B$2) -> 0.42314699 | AD18: =AD17+1 -> 2060 | AE18: =1/(1+$B$8)^(L18-$B$2) -> 0.59689062 | AG18: =AG17+1 -> 2070 | AH18: =1/(1+$B$8)^(Q18-$B$2) -> 0.42314699
A19: Hyötykerroin ennuste 1 | B19: =IF(OR(B5>B3+B7,NOT(ISNUMBER(B5)),NOT(ISNUMBER(B16))),SUM(OFFSET(O3,0,0,B7)),IF(B5-B3<=0,"Avausvuosi 2 tulee olla ensimmäisen avausvuoden jälkeen",SUM(OFFSET(O3,0,0,B5-B3)))) -> 22.63866 | L19: =L18+1 -> 2061 | M19: =IF($B$17=0,1,MIN($B$16/$B$15,1+(L19-$B$4)*$B$17)) -> 1 | N19: =M19*(1+$B$9)^(L19-$B$2) -> 1.249129 | O19: =N19/(1+$B$8)^(L19-$B$2) -> 0.72038006 | Q19: =Q18+1 -> 2071 | R19: =IF($B$17=0,1,MIN(1,(1+(Q19-$B$4)*$B$17)/($B$16/$B$15))) -> 1 | S19: =R19*(1+$B$9)^(Q19-$B$2) -> 1.4354459 | T19: =S19/(1+$B$8)^(Q19-$B$2) -> 0.58686436 | V19: =V18+1 -> 2061 | W19: =(1+$B$24)^(L19-$B$4) -> 1 | X19: =W19/(1+$B$8)^(L19-$B$2) -> 0.57670591 | Z19: =Z18+1 -> 2071 | AA19: =(1+$B$24)^(Q19-$B$6) -> 1 | AB19: =AA19/(1+$B$8)^(Q19-$B$2) -> 0.40883767 | AD19: =AD18+1 -> 2061 | AE19: =1/(1+$B$8)^(L19-$B$2) -> 0.57670591 | AG19: =AG18+1 -> 2071 | AH19: =1/(1+$B$8)^(Q19-$B$2) -> 0.40883767
A20: Hyötykerroin ennuste 2 | B20: =IF(AND(ISNUMBER(B5),ISNUMBER(B16)),IF(B5-B3<=0,"Avausvuosi 2 tulee olla ensimmäisen avausvuoden jälkeen",IF(B5-B3>=B7,"Avausvuosi 2 ei ole tarkastelujakson sisällä",SUM(OFFSET(T3,0,0,B7-(B5-B3))))),"Ennuste/avausvuosi 2 puuttuu") -> Ennuste/avausvuosi 2 puuttuu | L20: =L19+1 -> 2062 | M20: =IF($B$17=0,1,MIN($B$16/$B$15,1+(L20-$B$4)*$B$17)) -> 1 | N20: =M20*(1+$B$9)^(L20-$B$2) -> 1.2666168 | O20: =N20/(1+$B$8)^(L20-$B$2) -> 0.70576365 | Q20: =Q19+1 -> 2072 | R20: =IF($B$17=0,1,MIN(1,(1+(Q20-$B$4)*$B$17)/($B$16/$B$15))) -> 1 | S20: =R20*(1+$B$9)^(Q20-$B$2) -> 1.4555421 | T20: =S20/(1+$B$8)^(Q20-$B$2) -> 0.57495697 | V20: =V19+1 -> 2062 | W20: =(1+$B$24)^(L20-$B$4) -> 1 | X20: =W20/(1+$B$8)^(L20-$B$2) -> 0.55720378 | Z20: =Z19+1 -> 2072 | AA20: =(1+$B$24)^(Q20-$B$6) -> 1 | AB20: =AA20/(1+$B$8)^(Q20-$B$2) -> 0.39501224 | AD20: =AD19+1 -> 2062 | AE20: =1/(1+$B$8)^(L20-$B$2) -> 0.55720378 | AG20: =AG19+1 -> 2072 | AH20: =1/(1+$B$8)^(Q20-$B$2) -> 0.39501224
L21: =L20+1 -> 2063 | M21: =IF($B$17=0,1,MIN($B$16/$B$15,1+(L21-$B$4)*$B$17)) -> 1 | N21: =M21*(1+$B$9)^(L21-$B$2) -> 1.2843494 | O21: =N21/(1+$B$8)^(L21-$B$2) -> 0.69144381 | Q21: =Q20+1 -> 2073 | R21: =IF($B$17=0,1,MIN(1,(1+(Q21-$B$4)*$B$17)/($B$16/$B$15))) -> 1 | S21: =R21*(1+$B$9)^(Q21-$B$2) -> 1.4759197 | T21: =S21/(1+$B$8)^(Q21-$B$2) -> 0.56329117 | V21: =V20+1 -> 2063 | W21: =(1+$B$24)^(L21-$B$4) -> 1 | X21: =W21/(1+$B$8)^(L21-$B$2) -> 0.53836114 | Z21: =Z20+1 -> 2073 | AA21: =(1+$B$24)^(Q21-$B$6) -> 1 | AB21: =AA21/(1+$B$8)^(Q21-$B$2) -> 0.38165434 | AD21: =AD20+1 -> 2063 | AE21: =1/(1+$B$8)^(L21-$B$2) -> 0.53836114 | AG21: =AG20+1 -> 2073 | AH21: =1/(1+$B$8)^(Q21-$B$2) -> 0.38165434
A22: Ajokustannusindeksi ev 1 | B22: 100 | L22: =L21+1 -> 2064 | M22: =IF($B$17=0,1,MIN($B$16/$B$15,1+(L22-$B$4)*$B$17)) -> 1 | N22: =M22*(1+$B$9)^(L22-$B$2) -> 1.3023303 | O22: =N22/(1+$B$8)^(L22-$B$2) -> 0.67741452 | Q22: =Q21+1 -> 2074 | R22: =IF($B$17=0,1,MIN(1,(1+(Q22-$B$4)*$B$17)/($B$16/$B$15))) -> 1 | S22: =R22*(1+$B$9)^(Q22-$B$2) -> 1.4965826 | T22: =S22/(1+$B$8)^(Q22-$B$2) -> 0.55186208 | V22: =V21+1 -> 2064 | W22: =(1+$B$24)^(L22-$B$4) -> 1 | X22: =W22/(1+$B$8)^(L22-$B$2) -> 0.52015569 | Z22: =Z21+1 -> 2074 | AA22: =(1+$B$24)^(Q22-$B$6) -> 1 | AB22: =AA22/(1+$B$8)^(Q22-$B$2) -> 0.36874815 | AD22: =AD21+1 -> 2064 | AE22: =1/(1+$B$8)^(L22-$B$2) -> 0.52015569 | AG22: =AG21+1 -> 2074 | AH22: =1/(1+$B$8)^(Q22-$B$2) -> 0.36874815
A23: Ajokustannusindeksi ev 2 | B23: =IF(Tuottajahyodyt!L68=0,"Ennuste 2 puuttuu",(Kayttajahyodyt!M34+Kayttajahyodyt!M49+Tuottajahyodyt!F46-Tuottajahyodyt!L68-Julkistaloudelliset!C14)/(Kayttajahyodyt!M29+Kayttajahyodyt!M44+Tuottajahyodyt!F43-Tuottajahyodyt!L60-Julkistaloudelliset!C9)*100) -> Ennuste 2 puuttuu | L23: =L22+1 -> 2065 | M23: =IF($B$17=0,1,MIN($B$16/$B$15,1+(L23-$B$4)*$B$17)) -> 1 | N23: =M23*(1+$B$9)^(L23-$B$2) -> 1.3205629 | O23: =N23/(1+$B$8)^(L23-$B$2) -> 0.66366987 | Q23: =Q22+1 -> 2075 | R23: =IF($B$17=0,1,MIN(1,(1+(Q23-$B$4)*$B$17)/($B$16/$B$15))) -> 1 | S23: =R23*(1+$B$9)^(Q23-$B$2) -> 1.5175348 | T23: =S23/(1+$B$8)^(Q23-$B$2) -> 0.54066488 | V23: =V22+1 -> 2065 | W23: =(1+$B$24)^(L23-$B$4) -> 1 | X23: =W23/(1+$B$8)^(L23-$B$2) -> 0.50256588 | Z23: =Z22+1 -> 2075 | AA23: =(1+$B$24)^(Q23-$B$6) -> 1 | AB23: =AA23/(1+$B$8)^(Q23-$B$2) -> 0.35627841 | AD23: =AD22+1 -> 2065 | AE23: =1/(1+$B$8)^(L23-$B$2) -> 0.50256588 | AG23: =AG22+1 -> 2075 | AH23: =1/(1+$B$8)^(Q23-$B$2) -> 0.35627841
A24: Kustannusten kasvu | B24: =IF(AND(ISNUMBER(B6),B6>B4,ISNUMBER(B23)),_xlfn.RRI(B6-B4,B22,B23),0) -> 0 | L24: =L23+1 -> 2066 | M24: =IF($B$17=0,1,MIN($B$16/$B$15,1+(L24-$B$4)*$B$17)) -> 1 | N24: =M24*(1+$B$9)^(L24-$B$2) -> 1.3390508 | O24: =N24/(1+$B$8)^(L24-$B$2) -> 0.65020411 | Q24: =Q23+1 -> 2076 | R24: =IF($B$17=0,1,MIN(1,(1+(Q24-$B$4)*$B$17)/($B$16/$B$15))) -> 1 | S24: =R24*(1+$B$9)^(Q24-$B$2) -> 1.5387803 | T24: =S24/(1+$B$8)^(Q24-$B$2) -> 0.52969486 | V24: =V23+1 -> 2066 | W24: =(1+$B$24)^(L24-$B$4) -> 1 | X24: =W24/(1+$B$8)^(L24-$B$2) -> 0.4855709 | Z24: =Z23+1 -> 2076 | AA24: =(1+$B$24)^(Q24-$B$6) -> 1 | AB24: =AA24/(1+$B$8)^(Q24-$B$2) -> 0.34423035 | AD24: =AD23+1 -> 2066 | AE24: =1/(1+$B$8)^(L24-$B$2) -> 0.4855709 | AG24: =AG23+1 -> 2076 | AH24: =1/(1+$B$8)^(Q24-$B$2) -> 0.34423035
L25: =L24+1 -> 2067 | M25: =IF($B$17=0,1,MIN($B$16/$B$15,1+(L25-$B$4)*$B$17)) -> 1 | N25: =M25*(1+$B$9)^(L25-$B$2) -> 1.3577975 | O25: =N25/(1+$B$8)^(L25-$B$2) -> 0.63701156 | Q25: =Q24+1 -> 2077 | R25: =IF($B$17=0,1,MIN(1,(1+(Q25-$B$4)*$B$17)/($B$16/$B$15))) -> 1 | S25: =R25*(1+$B$9)^(Q25-$B$2) -> 1.5603232 | T25: =S25/(1+$B$8)^(Q25-$B$2) -> 0.51894743 | V25: =V24+1 -> 2067 | W25: =(1+$B$24)^(L25-$B$4) -> 1 | X25: =W25/(1+$B$8)^(L25-$B$2) -> 0.46915063 | Z25: =Z24+1 -> 2077 | AA25: =(1+$B$24)^(Q25-$B$6) -> 1 | AB25: =AA25/(1+$B$8)^(Q25-$B$2) -> 0.33258971 | AD25: =AD24+1 -> 2067 | AE25: =1/(1+$B$8)^(L25-$B$2) -> 0.46915063 | AG25: =AG24+1 -> 2077 | AH25: =1/(1+$B$8)^(Q25-$B$2) -> 0.33258971
A26: Ajokustannuskerroin 1 | B26: =IF(OR(B5>B3+B7,NOT(ISNUMBER(B5)),NOT(ISNUMBER(B16))),SUM(OFFSET(X3,0,0,B7)),IF(B5-B3<=0,"Avausvuosi 2 tulee olla ensimmäisen avausvuoden jälkeen",SUM(OFFSET(X3,0,0,B5-B3)))) -> 19.035767 | L26: =L25+1 -> 2068 | M26: =IF($B$17=0,1,MIN($B$16/$B$15,1+(L26-$B$4)*$B$17)) -> 1 | N26: =M26*(1+$B$9)^(L26-$B$2) -> 1.3768067 | O26: =N26/(1+$B$8)^(L26-$B$2) -> 0.62408669 | Q26: =Q25+1 -> 2078 | R26: =IF($B$17=0,1,MIN(1,(1+(Q26-$B$4)*$B$17)/($B$16/$B$15))) -> 1 | S26: =R26*(1+$B$9)^(Q26-$B$2) -> 1.5821677 | T26: =S26/(1+$B$8)^(Q26-$B$2) -> 0.50841806 | V26: =V25+1 -> 2068 | W26: =(1+$B$24)^(L26-$B$4) -> 1 | X26: =W26/(1+$B$8)^(L26-$B$2) -> 0.45328563 | Z26: =Z25+1 -> 2078 | AA26: =(1+$B$24)^(Q26-$B$6) -> 1 | AB26: =AA26/(1+$B$8)^(Q26-$B$2) -> 0.32134271 | AD26: =AD25+1 -> 2068 | AE26: =1/(1+$B$8)^(L26-$B$2) -> 0.45328563 | AG26: =AG25+1 -> 2078 | AH26: =1/(1+$B$8)^(Q26-$B$2) -> 0.32134271
A27: Ajokustannuskerroin 2 | B27: =IF(AND(ISNUMBER(B5),ISNUMBER(B16)),IF(B5-B3<=0,"Avausvuosi 2 tulee olla ensimmäisen avausvuoden jälkeen",IF(B5-B3>=B7,"Avausvuosi 2 ei ole tarkastelujakson sisällä",SUM(OFFSET(AB3,0,0,B7-(B5-B3))))),"Ennuste/avausvuosi 2 puuttuu") -> Ennuste/avausvuosi 2 puuttuu | L27: =L26+1 -> 2069 | M27: =IF($B$17=0,1,MIN($B$16/$B$15,1+(L27-$B$4)*$B$17)) -> 1 | N27: =M27*(1+$B$9)^(L27-$B$2) -> 1.396082 | O27: =N27/(1+$B$8)^(L27-$B$2) -> 0.61142406 | Q27: =Q26+1 -> 2079 | R27: =IF($B$17=0,1,MIN(1,(1+(Q27-$B$4)*$B$17)/($B$16/$B$15))) -> 1 | S27: =R27*(1+$B$9)^(Q27-$B$2) -> 1.6043181 | T27: =S27/(1+$B$8)^(Q27-$B$2) -> 0.49810233 | V27: =V26+1 -> 2069 | W27: =(1+$B$24)^(L27-$B$4) -> 1 | X27: =W27/(1+$B$8)^(L27-$B$2) -> 0.43795713 | Z27: =Z26+1 -> 2079 | AA27: =(1+$B$24)^(Q27-$B$6) -> 1 | AB27: =AA27/(1+$B$8)^(Q27-$B$2) -> 0.31047605 | AD27: =AD26+1 -> 2069 | AE27: =1/(1+$B$8)^(L27-$B$2) -> 0.43795713 | AG27: =AG26+1 -> 2079 | AH27: =1/(1+$B$8)^(Q27-$B$2) -> 0.31047605
L28: =L27+1 -> 2070 | M28: =IF($B$17=0,1,MIN($B$16/$B$15,1+(L28-$B$4)*$B$17)) -> 1 | N28: =M28*(1+$B$9)^(L28-$B$2) -> 1.4156271 | O28: =N28/(1+$B$8)^(L28-$B$2) -> 0.59901835 | Q28: =Q27+1 -> 2080 | R28: =IF($B$17=0,1,MIN(1,(1+(Q28-$B$4)*$B$17)/($B$16/$B$15))) -> 1 | S28: =R28*(1+$B$9)^(Q28-$B$2) -> 1.6267785 | T28: =S28/(1+$B$8)^(Q28-$B$2) -> 0.48799591 | V28: =V27+1 -> 2070 | W28: =(1+$B$24)^(L28-$B$4) -> 1 | X28: =W28/(1+$B$8)^(L28-$B$2) -> 0.42314699 | Z28: =Z27+1 -> 2080 | AA28: =(1+$B$24)^(Q28-$B$6) -> 1 | AB28: =AA28/(1+$B$8)^(Q28-$B$2) -> 0.29997686 | AD28: =AD27+1 -> 2070 | AE28: =1/(1+$B$8)^(L28-$B$2) -> 0.42314699 | AG28: =AG27+1 -> 2080 | AH28: =1/(1+$B$8)^(Q28-$B$2) -> 0.29997686
A29: Muu kustannuskerroin 1 | B29: =IF(OR(B5>B3+B7,NOT(ISNUMBER(B5)),NOT(ISNUMBER(B16))),SUM(OFFSET(AE3,0,0,B7)),IF(B5-B3<=0,"Avausvuosi 2 tulee olla ensimmäisen avausvuoden jälkeen",SUM(OFFSET(AE3,0,0,B5-B3)))) -> 19.035767 | L29: =L28+1 -> 2071 | M29: =IF($B$17=0,1,MIN($B$16/$B$15,1+(L29-$B$4)*$B$17)) -> 1 | N29: =M29*(1+$B$9)^(L29-$B$2) -> 1.4354459 | O29: =N29/(1+$B$8)^(L29-$B$2) -> 0.58686436 | Q29: =Q28+1 -> 2081 | R29: =IF($B$17=0,1,MIN(1,(1+(Q29-$B$4)*$B$17)/($B$16/$B$15))) -> 1 | S29: =R29*(1+$B$9)^(Q29-$B$2) -> 1.6495534 | T29: =S29/(1+$B$8)^(Q29-$B$2) -> 0.47809454 | V29: =V28+1 -> 2071 | W29: =(1+$B$24)^(L29-$B$4) -> 1 | X29: =W29/(1+$B$8)^(L29-$B$2) -> 0.40883767 | Z29: =Z28+1 -> 2081 | AA29: =(1+$B$24)^(Q29-$B$6) -> 1 | AB29: =AA29/(1+$B$8)^(Q29-$B$2) -> 0.28983272 | AD29: =AD28+1 -> 2071 | AE29: =1/(1+$B$8)^(L29-$B$2) -> 0.40883767 | AG29: =AG28+1 -> 2081 | AH29: =1/(1+$B$8)^(Q29-$B$2) -> 0.28983272
A30: Muu kustannuskerroin 2 | B30: =IF(AND(ISNUMBER(B5),ISNUMBER(B16)),IF(B5-B3<=0,"Avausvuosi 2 tulee olla ensimmäisen avausvuoden jälkeen",IF(B5-B3>=B7,"Avausvuosi 2 ei ole tarkastelujakson sisällä",SUM(OFFSET(AH3,0,0,B7-(B5-B3))))),"Ennuste/avausvuosi 2 puuttuu") -> Ennuste/avausvuosi 2 puuttuu | L30: =L29+1 -> 2072 | M30: =IF($B$17=0,1,MIN($B$16/$B$15,1+(L30-$B$4)*$B$17)) -> 1 | N30: =M30*(1+$B$9)^(L30-$B$2) -> 1.4555421 | O30: =N30/(1+$B$8)^(L30-$B$2) -> 0.57495697 | Q30: =Q29+1 -> 2082 | R30: =IF($B$17=0,1,MIN(1,(1+(Q30-$B$4)*$B$17)/($B$16/$B$15))) -> 1 | S30: =R30*(1+$B$9)^(Q30-$B$2) -> 1.6726472 | T30: =S30/(1+$B$8)^(Q30-$B$2) -> 0.46839407 | V30: =V29+1 -> 2072 | W30: =(1+$B$24)^(L30-$B$4) -> 1 | X30: =W30/(1+$B$8)^(L30-$B$2) -> 0.39501224 | Z30: =Z29+1 -> 2082 | AA30: =(1+$B$24)^(Q30-$B$6) -> 1 | AB30: =AA30/(1+$B$8)^(Q30-$B$2) -> 0.28003161 | AD30: =AD29+1 -> 2072 | AE30: =1/(1+$B$8)^(L30-$B$2) -> 0.39501224 | AG30: =AG29+1 -> 2082 | AH30: =1/(1+$B$8)^(Q30-$B$2) -> 0.28003161
L31: =L30+1 -> 2073 | M31: =IF($B$17=0,1,MIN($B$16/$B$15,1+(L31-$B$4)*$B$17)) -> 1 | N31: =M31*(1+$B$9)^(L31-$B$2) -> 1.4759197 | O31: =N31/(1+$B$8)^(L31-$B$2) -> 0.56329117 | Q31: =Q30+1 -> 2083 | R31: =IF($B$17=0,1,MIN(1,(1+(Q31-$B$4)*$B$17)/($B$16/$B$15))) -> 1 | S31: =R31*(1+$B$9)^(Q31-$B$2) -> 1.6960642 | T31: =S31/(1+$B$8)^(Q31-$B$2) -> 0.45889043 | V31: =V30+1 -> 2073 | W31: =(1+$B$24)^(L31-$B$4) -> 1 | X31: =W31/(1+$B$8)^(L31-$B$2) -> 0.38165434 | Z31: =Z30+1 -> 2083 | AA31: =(1+$B$24)^(Q31-$B$6) -> 1 | AB31: =AA31/(1+$B$8)^(Q31-$B$2) -> 0.27056194 | AD31: =AD30+1 -> 2073 | AE31: =1/(1+$B$8)^(L31-$B$2) -> 0.38165434 | AG31: =AG30+1 -> 2083 | AH31: =1/(1+$B$8)^(Q31-$B$2) -> 0.27056194
L32: =L31+1 -> 2074 | M32: =IF($B$17=0,1,MIN($B$16/$B$15,1+(L32-$B$4)*$B$17)) -> 1 | N32: =M32*(1+$B$9)^(L32-$B$2) -> 1.4965826 | O32: =N32/(1+$B$8)^(L32-$B$2) -> 0.55186208 | Q32: =Q31+1 -> 2084 | R32: =IF($B$17=0,1,MIN(1,(1+(Q32-$B$4)*$B$17)/($B$16/$B$15))) -> 1 | S32: =R32*(1+$B$9)^(Q32-$B$2) -> 1.7198091 | T32: =S32/(1+$B$8)^(Q32-$B$2) -> 0.44957961 | V32: =V31+1 -> 2074 | W32: =(1+$B$24)^(L32-$B$4) -> 1 | X32: =W32/(1+$B$8)^(L32-$B$2) -> 0.36874815 | Z32: =Z31+1 -> 2084 | AA32: =(1+$B$24)^(Q32-$B$6) -> 1 | AB32: =AA32/(1+$B$8)^(Q32-$B$2) -> 0.2614125 | AD32: =AD31+1 -> 2074 | AE32: =1/(1+$B$8)^(L32-$B$2) -> 0.36874815 | AG32: =AG31+1 -> 2084 | AH32: =1/(1+$B$8)^(Q32-$B$2) -> 0.2614125
L33: =L32+1 -> 2075 | M33: =IF($B$17=0,1,MIN($B$16/$B$15,1+(L33-$B$4)*$B$17)) -> 1 | N33: =M33*(1+$B$9)^(L33-$B$2) -> 1.5175348 | O33: =N33/(1+$B$8)^(L33-$B$2) -> 0.54066488 | Q33: =Q32+1 -> 2085 | R33: =IF($B$17=0,1,MIN(1,(1+(Q33-$B$4)*$B$17)/($B$16/$B$15))) -> 1 | S33: =R33*(1+$B$9)^(Q33-$B$2) -> 1.7438864 | T33: =S33/(1+$B$8)^(Q33-$B$2) -> 0.4404577 | V33: =V32+1 -> 2075 | W33: =(1+$B$24)^(L33-$B$4) -> 1 | X33: =W33/(1+$B$8)^(L33-$B$2) -> 0.35627841 | Z33: =Z32+1 -> 2085 | AA33: =(1+$B$24)^(Q33-$B$6) -> 1 | AB33: =AA33/(1+$B$8)^(Q33-$B$2) -> 0.25257247 | AD33: =AD32+1 -> 2075 | AE33: =1/(1+$B$8)^(L33-$B$2) -> 0.35627841 | AG33: =AG32+1 -> 2085 | AH33: =1/(1+$B$8)^(Q33-$B$2) -> 0.25257247
L34: =L33+1 -> 2076 | M34: =IF($B$17=0,1,MIN($B$16/$B$15,1+(L34-$B$4)*$B$17)) -> 1 | N34: =M34*(1+$B$9)^(L34-$B$2) -> 1.5387803 | O34: =N34/(1+$B$8)^(L34-$B$2) -> 0.52969486 | Q34: =Q33+1 -> 2086 | R34: =IF($B$17=0,1,MIN(1,(1+(Q34-$B$4)*$B$17)/($B$16/$B$15))) -> 1 | S34: =R34*(1+$B$9)^(Q34-$B$2) -> 1.7683008 | T34: =S34/(1+$B$8)^(Q34-$B$2) -> 0.43152088 | V34: =V33+1 -> 2076 | W34: =(1+$B$24)^(L34-$B$4) -> 1 | X34: =W34/(1+$B$8)^(L34-$B$2) -> 0.34423035 | Z34: =Z33+1 -> 2086 | AA34: =(1+$B$24)^(Q34-$B$6) -> 1 | AB34: =AA34/(1+$B$8)^(Q34-$B$2) -> 0.24403137 | AD34: =AD33+1 -> 2076 | AE34: =1/(1+$B$8)^(L34-$B$2) -> 0.34423035 | AG34: =AG33+1 -> 2086 | AH34: =1/(1+$B$8)^(Q34-$B$2) -> 0.24403137
L35: =L34+1 -> 2077 | M35: =IF($B$17=0,1,MIN($B$16/$B$15,1+(L35-$B$4)*$B$17)) -> 1 | N35: =M35*(1+$B$9)^(L35-$B$2) -> 1.5603232 | O35: =N35/(1+$B$8)^(L35-$B$2) -> 0.51894743 | Q35: =Q34+1 -> 2087 | R35: =IF($B$17=0,1,MIN(1,(1+(Q35-$B$4)*$B$17)/($B$16/$B$15))) -> 1 | S35: =R35*(1+$B$9)^(Q35-$B$2) -> 1.7930571 | T35: =S35/(1+$B$8)^(Q35-$B$2) -> 0.42276538 | V35: =V34+1 -> 2077 | W35: =(1+$B$24)^(L35-$B$4) -> 1 | X35: =W35/(1+$B$8)^(L35-$B$2) -> 0.33258971 | Z35: =Z34+1 -> 2087 | AA35: =(1+$B$24)^(Q35-$B$6) -> 1 | AB35: =AA35/(1+$B$8)^(Q35-$B$2) -> 0.2357791 | AD35: =AD34+1 -> 2077 | AE35: =1/(1+$B$8)^(L35-$B$2) -> 0.33258971 | AG35: =AG34+1 -> 2087 | AH35: =1/(1+$B$8)^(Q35-$B$2) -> 0.2357791
L36: =L35+1 -> 2078 | M36: =IF($B$17=0,1,MIN($B$16/$B$15,1+(L36-$B$4)*$B$17)) -> 1 | N36: =M36*(1+$B$9)^(L36-$B$2) -> 1.5821677 | O36: =N36/(1+$B$8)^(L36-$B$2) -> 0.50841806 | Q36: =Q35+1 -> 2088 | R36: =IF($B$17=0,1,MIN(1,(1+(Q36-$B$4)*$B$17)/($B$16/$B$15))) -> 1 | S36: =R36*(1+$B$9)^(Q36-$B$2) -> 1.8181599 | T36: =S36/(1+$B$8)^(Q36-$B$2) -> 0.41418753 | V36: =V35+1 -> 2078 | W36: =(1+$B$24)^(L36-$B$4) -> 1 | X36: =W36/(1+$B$8)^(L36-$B$2) -> 0.32134271 | Z36: =Z35+1 -> 2088 | AA36: =(1+$B$24)^(Q36-$B$6) -> 1 | AB36: =AA36/(1+$B$8)^(Q36-$B$2) -> 0.2278059 | AD36: =AD35+1 -> 2078 | AE36: =1/(1+$B$8)^(L36-$B$2) -> 0.32134271 | AG36: =AG35+1 -> 2088 | AH36: =1/(1+$B$8)^(Q36-$B$2) -> 0.2278059
L37: =L36+1 -> 2079 | M37: =IF($B$17=0,1,MIN($B$16/$B$15,1+(L37-$B$4)*$B$17)) -> 1 | N37: =M37*(1+$B$9)^(L37-$B$2) -> 1.6043181 | O37: =N37/(1+$B$8)^(L37-$B$2) -> 0.49810233 | Q37: =Q36+1 -> 2089 | R37: =IF($B$17=0,1,MIN(1,(1+(Q37-$B$4)*$B$17)/($B$16/$B$15))) -> 1 | S37: =R37*(1+$B$9)^(Q37-$B$2) -> 1.8436141 | T37: =S37/(1+$B$8)^(Q37-$B$2) -> 0.40578373 | V37: =V36+1 -> 2079 | W37: =(1+$B$24)^(L37-$B$4) -> 1 | X37: =W37/(1+$B$8)^(L37-$B$2) -> 0.31047605 | Z37: =Z36+1 -> 2089 | AA37: =(1+$B$24)^(Q37-$B$6) -> 1 | AB37: =AA37/(1+$B$8)^(Q37-$B$2) -> 0.22010231 | AD37: =AD36+1 -> 2079 | AE37: =1/(1+$B$8)^(L37-$B$2) -> 0.31047605 | AG37: =AG36+1 -> 2089 | AH37: =1/(1+$B$8)^(Q37-$B$2) -> 0.22010231
L38: =L37+1 -> 2080 | M38: =IF($B$17=0,1,MIN($B$16/$B$15,1+(L38-$B$4)*$B$17)) -> 1 | N38: =M38*(1+$B$9)^(L38-$B$2) -> 1.6267785 | O38: =N38/(1+$B$8)^(L38-$B$2) -> 0.48799591 | Q38: =Q37+1 -> 2090 | R38: =IF($B$17=0,1,MIN(1,(1+(Q38-$B$4)*$B$17)/($B$16/$B$15))) -> 1 | S38: =R38*(1+$B$9)^(Q38-$B$2) -> 1.8694247 | T38: =S38/(1+$B$8)^(Q38-$B$2) -> 0.39755044 | V38: =V37+1 -> 2080 | W38: =(1+$B$24)^(L38-$B$4) -> 1 | X38: =W38/(1+$B$8)^(L38-$B$2) -> 0.29997686 | Z38: =Z37+1 -> 2090 | AA38: =(1+$B$24)^(Q38-$B$6) -> 1 | AB38: =AA38/(1+$B$8)^(Q38-$B$2) -> 0.21265924 | AD38: =AD37+1 -> 2080 | AE38: =1/(1+$B$8)^(L38-$B$2) -> 0.29997686 | AG38: =AG37+1 -> 2090 | AH38: =1/(1+$B$8)^(Q38-$B$2) -> 0.21265924
L39: =L38+1 -> 2081 | M39: =IF($B$17=0,1,MIN($B$16/$B$15,1+(L39-$B$4)*$B$17)) -> 1 | N39: =M39*(1+$B$9)^(L39-$B$2) -> 1.6495534 | O39: =N39/(1+$B$8)^(L39-$B$2) -> 0.47809454 | Q39: =Q38+1 -> 2091 | R39: =IF($B$17=0,1,MIN(1,(1+(Q39-$B$4)*$B$17)/($B$16/$B$15))) -> 1 | S39: =R39*(1+$B$9)^(Q39-$B$2) -> 1.8955966 | T39: =S39/(1+$B$8)^(Q39-$B$2) -> 0.3894842 | V39: =V38+1 -> 2081 | W39: =(1+$B$24)^(L39-$B$4) -> 1 | X39: =W39/(1+$B$8)^(L39-$B$2) -> 0.28983272 | Z39: =Z38+1 -> 2091 | AA39: =(1+$B$24)^(Q39-$B$6) -> 1 | AB39: =AA39/(1+$B$8)^(Q39-$B$2) -> 0.20546787 | AD39: =AD38+1 -> 2081 | AE39: =1/(1+$B$8)^(L39-$B$2) -> 0.28983272 | AG39: =AG38+1 -> 2091 | AH39: =1/(1+$B$8)^(Q39-$B$2) -> 0.20546787
L40: =L39+1 -> 2082 | M40: =IF($B$17=0,1,MIN($B$16/$B$15,1+(L40-$B$4)*$B$17)) -> 1 | N40: =M40*(1+$B$9)^(L40-$B$2) -> 1.6726472 | O40: =N40/(1+$B$8)^(L40-$B$2) -> 0.46839407 | Q40: =Q39+1 -> 2092 | R40: =IF($B$17=0,1,MIN(1,(1+(Q40-$B$4)*$B$17)/($B$16/$B$15))) -> 1 | S40: =R40*(1+$B$9)^(Q40-$B$2) -> 1.922135 | T40: =S40/(1+$B$8)^(Q40-$B$2) -> 0.38158162 | V40: =V39+1 -> 2082 | W40: =(1+$B$24)^(L40-$B$4) -> 1 | X40: =W40/(1+$B$8)^(L40-$B$2) -> 0.28003161 | Z40: =Z39+1 -> 2092 | AA40: =(1+$B$24)^(Q40-$B$6) -> 1 | AB40: =AA40/(1+$B$8)^(Q40-$B$2) -> 0.19851968 | AD40: =AD39+1 -> 2082 | AE40: =1/(1+$B$8)^(L40-$B$2) -> 0.28003161 | AG40: =AG39+1 -> 2092 | AH40: =1/(1+$B$8)^(Q40-$B$2) -> 0.19851968
L41: =L40+1 -> 2083 | M41: =IF($B$17=0,1,MIN($B$16/$B$15,1+(L41-$B$4)*$B$17)) -> 1 | N41: =M41*(1+$B$9)^(L41-$B$2) -> 1.6960642 | O41: =N41/(1+$B$8)^(L41-$B$2) -> 0.45889043 | Q41: =Q40+1 -> 2093 | R41: =IF($B$17=0,1,MIN(1,(1+(Q41-$B$4)*$B$17)/($B$16/$B$15))) -> 1 | S41: =R41*(1+$B$9)^(Q41-$B$2) -> 1.9490449 | T41: =S41/(1+$B$8)^(Q41-$B$2) -> 0.37383938 | V41: =V40+1 -> 2083 | W41: =(1+$B$24)^(L41-$B$4) -> 1 | X41: =W41/(1+$B$8)^(L41-$B$2) -> 0.27056194 | Z41: =Z40+1 -> 2093 | AA41: =(1+$B$24)^(Q41-$B$6) -> 1 | AB41: =AA41/(1+$B$8)^(Q41-$B$2) -> 0.19180645 | AD41: =AD40+1 -> 2083 | AE41: =1/(1+$B$8)^(L41-$B$2) -> 0.27056194 | AG41: =AG40+1 -> 2093 | AH41: =1/(1+$B$8)^(Q41-$B$2) -> 0.19180645
L42: =L41+1 -> 2084 | M42: =IF($B$17=0,1,MIN($B$16/$B$15,1+(L42-$B$4)*$B$17)) -> 1 | N42: =M42*(1+$B$9)^(L42-$B$2) -> 1.7198091 | O42: =N42/(1+$B$8)^(L42-$B$2) -> 0.44957961 | Q42: =Q41+1 -> 2094 | R42: =IF($B$17=0,1,MIN(1,(1+(Q42-$B$4)*$B$17)/($B$16/$B$15))) -> 1 | S42: =R42*(1+$B$9)^(Q42-$B$2) -> 1.9763315 | T42: =S42/(1+$B$8)^(Q42-$B$2) -> 0.36625423 | V42: =V41+1 -> 2084 | W42: =(1+$B$24)^(L42-$B$4) -> 1 | X42: =W42/(1+$B$8)^(L42-$B$2) -> 0.2614125 | Z42: =Z41+1 -> 2094 | AA42: =(1+$B$24)^(Q42-$B$6) -> 1 | AB42: =AA42/(1+$B$8)^(Q42-$B$2) -> 0.18532024 | AD42: =AD41+1 -> 2084 | AE42: =1/(1+$B$8)^(L42-$B$2) -> 0.2614125 | AG42: =AG41+1 -> 2094 | AH42: =1/(1+$B$8)^(Q42-$B$2) -> 0.18532024
... L62: =L61+1 -> 2104 | M62: =IF($B$17=0,1,MIN($B$16/$B$15,1+(L62-$B$4)*$B$17)) -> 1 | N62: =M62*(1+$B$9)^(L62-$B$2) -> 2.2711161 | O62: =N62/(1+$B$8)^(L62-$B$2) -> 0.29837244 | Q62: =Q61+1 -> 2114 | R62: =IF($B$17=0,1,MIN(1,(1+(Q62-$B$4)*$B$17)/($B$16/$B$15))) -> 1 | S62: =R62*(1+$B$9)^(Q62-$B$2) -> 2.6098701 | T62: =S62/(1+$B$8)^(Q62-$B$2) -> 0.2430719 | V62: =V61+1 -> 2104 | W62: =(1+$B$24)^(L62-$B$4) -> 1 | X62: =W62/(1+$B$8)^(L62-$B$2) -> 0.13137701 | Z62: =Z61+1 -> 2114 | AA62: =(1+$B$24)^(Q62-$B$6) -> 1 | AB62: =AA62/(1+$B$8)^(Q62-$B$2) -> 0.093135632 | AD62: =AD61+1 -> 2104 | AE62: =1/(1+$B$8)^(L62-$B$2) -> 0.13137701 | AG62: =AG61+1 -> 2114 | AH62: =1/(1+$B$8)^(Q62-$B$2) -> 0.093135632

Sheet Liukuvat yksikkoarvot
A1: Matka-aikasäästöt
A2: Auto | B2: 2022 | C2: =B2+1 -> 2023 | D2: =C2+1 -> 2024 | E2: =D2+1 -> 2025 | F2: =E2+1 -> 2026 | G2: =F2+1 -> 2027 | H2: =G2+1 -> 2028 | I2: =H2+1 -> 2029 | J2: =I2+1 -> 2030 | ... AN2: =AM2+1 -> 2060
A3: Työssäkäyntimatka | B3: 9.18 | C3: 9.32 | D3: 9.46 | E3: 9.6 | F3: 9.74 | G3: 9.88 | H3: 10.02 | I3: 10.16 | J3: 10.3 | K3: 10.45 | L3: 10.6 | M3: 10.75 | N3: 10.9 | O3: 11.05 | P3: 11.2 | Q3: 11.35 | R3: 11.5 | S3: 11.65 | T3: 11.8 | U3: 11.97 | V3: 12.14 | W3: 12.31 | X3: 12.48 | Y3: 12.65 | Z3: 12.82 | AA3: 12.99 | AB3: 13.16 | AC3: 13.33 | AD3: 13.5 | AE3: 13.71 | AF3: 13.92 | AG3: 14.13 | AH3: 14.34 | AI3: 14.55 | AJ3: 14.76 | AK3: 14.97 | AL3: 15.18 | AM3: 15.39 | AN3: 15.6
A4: Vapaa-ajan matka | B4: 6.22 | C4: 6.3175 | D4: 6.415 | E4: 6.5125 | F4: 6.61 | G4: 6.7075 | H4: 6.805 | I4: 6.9025 | J4: 7 | K4: 7.1 | L4: 7.2 | M4: 7.3 | N4: 7.4 | O4: 7.5 | P4: 7.6 | Q4: 7.7 | R4: 7.8 | S4: 7.9 | T4: 8 | U4: 8.12 | V4: 8.24 | W4: 8.36 | X4: 8.48 | Y4: 8.6 | Z4: 8.72 | AA4: 8.84 | AB4: 8.96 | AC4: 9.08 | AD4: 9.2 | AE4: 9.33 | AF4: 9.46 | AG4: 9.59 | AH4: 9.72 | AI4: 9.85 | AJ4: 9.98 | AK4: 10.11 | AL4: 10.24 | AM4: 10.37 | AN4: 10.5
A5: Työasiamatka | B5: 27.02 | C5: 27.4175 | D5: 27.815 | E5: 28.2125 | F5: 28.61 | G5: 29.0075 | H5: 29.405 | I5: 29.8025 | J5: 30.2 | K5: 30.65 | L5: 31.1 | M5: 31.55 | N5: 32 | O5: 32.45 | P5: 32.9 | Q5: 33.35 | R5: 33.8 | S5: 34.25 | T5: 34.7 | U5: 35.22 | V5: 35.74 | W5: 36.26 | X5: 36.78 | Y5: 37.3 | Z5: 37.82 | AA5: 38.34 | AB5: 38.86 | AC5: 39.38 | AD5: 39.9 | AE5: 40.49 | AF5: 41.08 | AG5: 41.67 | AH5: 42.26 | AI5: 42.85 | AJ5: 43.44 | AK5: 44.03 | AL5: 44.62 | AM5: 45.21 | AN5: 45.8
A6: Kuorma-auto | B6: 42.24 | C6: 42.28125 | D6: 42.3225 | E6: 42.36375 | F6: 42.405 | G6: 42.44625 | H6: 42.4875 | I6: 42.52875 | J6: 42.57 | K6: 42.616 | L6: 42.662 | M6: 42.708 | N6: 42.754 | O6: 42.8 | P6: 42.846 | Q6: 42.892 | R6: 42.938 | S6: 42.984 | T6: 43.03 | U6: 43.084 | V6: 43.138 | W6: 43.192 | X6: 43.246 | Y6: 43.3 | Z6: 43.354 | AA6: 43.408 | AB6: 43.462 | AC6: 43.516 | AD6: 43.57 | AE6: 43.631 | AF6: 43.692 | AG6: 43.753 | AH6: 43.814 | AI6: 43.875 | AJ6: 43.936 | AK6: 43.997 | AL6: 44.058 | AM6: 44.119 | AN6: 44.18
A7: Yhdistelmä | B7: 60.59 | C7: 60.87375 | D7: 61.1575 | E7: 61.44125 | F7: 61.725 | G7: 62.00875 | H7: 62.2925 | I7: 62.57625 | J7: 62.86 | K7: 63.18 | L7: 63.5 | M7: 63.82 | N7: 64.14 | O7: 64.46 | P7: 64.78 | Q7: 65.1 | R7: 65.42 | S7: 65.74 | T7: 66.06 | U7: 66.429 | V7: 66.798 | W7: 67.167 | X7: 67.536 | Y7: 67.905 | Z7: 68.274 | AA7: 68.643 | AB7: 69.012 | AC7: 69.381 | AD7: 69.75 | AE7: 70.173 | AF7: 70.596 | AG7: 71.019 | AH7: 71.442 | AI7: 71.865 | AJ7: 72.288 | AK7: 72.711 | AL7: 73.134 | AM7: 73.557 | AN7: 73.98
A9: Joukkoliikenne (juna) | B9: 2022 | C9: =B9+1 -> 2023 | D9: =C9+1 -> 2024 | E9: =D9+1 -> 2025 | F9: =E9+1 -> 2026 | G9: =F9+1 -> 2027 | H9: =G9+1 -> 2028 | I9: =H9+1 -> 2029 | J9: =I9+1 -> 2030 | ... AN9: =AM9+1 -> 2060
A10: Työssäkäyntimatka | B10: 7.3 | C10: 7.4125 | D10: 7.525 | E10: 7.6375 | F10: 7.75 | G10: 7.8625 | H10: 7.975 | I10: 8.0875 | J10: 8.2 | K10: 8.32 | L10: 8.44 | M10: 8.56 | N10: 8.68 | O10: 8.8 | P10: 8.92 | Q10: 9.04 | R10: 9.16 | S10: 9.28 | T10: 9.4 | U10: 9.54 | V10: 9.68 | W10: 9.82 | X10: 9.96 | Y10: 10.1 | Z10: 10.24 | AA10: 10.38 | AB10: 10.52 | AC10: 10.66 | AD10: 10.8 | AE10: 10.96 | AF10: 11.12 | AG10: 11.28 | AH10: 11.44 | AI10: 11.6 | AJ10: 11.76 | AK10: 11.92 | AL10: 12.08 | AM10: 12.24 | AN10: 12.4
A11: Vapaa-ajan matka | B11: 5.6 | C11: 5.6875 | D11: 5.775 | E11: 5.8625 | F11: 5.95 | G11: 6.0375 | H11: 6.125 | I11: 6.2125 | J11: 6.3 | K11: 6.39 | L11: 6.48 | M11: 6.57 | N11: 6.66 | O11: 6.75 | P11: 6.84 | Q11: 6.93 | R11: 7.02 | S11: 7.11 | T11: 7.2 | U11: 7.31 | V11: 7.42 | W11: 7.53 | X11: 7.64 | Y11: 7.75 | Z11: 7.86 | AA11: 7.97 | AB11: 8.08 | AC11: 8.19 | AD11: 8.3 | AE11: 8.42 | AF11: 8.54 | AG11: 8.66 | AH11: 8.78 | AI11: 8.9 | AJ11: 9.02 | AK11: 9.14 | AL11: 9.26 | AM11: 9.38 | AN11: 9.5
A12: Työasiamatka | B12: 22.95 | C12: 23.28125 | D12: 23.6125 | E12: 23.94375 | F12: 24.275 | G12: 24.60625 | H12: 24.9375 | I12: 25.26875 | J12: 25.6 | K12: 26 | L12: 26.4 | M12: 26.8 | N12: 27.2 | O12: 27.6 | P12: 28 | Q12: 28.4 | R12: 28.8 | S12: 29.2 | T12: 29.6 | U12: 30.03 | V12: 30.46 | W12: 30.89 | X12: 31.32 | Y12: 31.75 | Z12: 32.18 | AA12: 32.61 | AB12: 33.04 | AC12: 33.47 | AD12: 33.9 | AE12: 34.4 | AF12: 34.9 | AG12: 35.4 | AH12: 35.9 | AI12: 36.4 | AJ12: 36.9 | AK12: 37.4 | AL12: 37.9 | AM12: 38.4 | AN12: 38.9
A14: Polkupyörä | B14: 2022 | C14: =B14+1 -> 2023 | D14: =C14+1 -> 2024 | E14: =D14+1 -> 2025 | F14: =E14+1 -> 2026 | G14: =F14+1 -> 2027 | H14: =G14+1 -> 2028 | I14: =H14+1 -> 2029 | J14: =I14+1 -> 2030 | ... AN14: =AM14+1 -> 2060
A15: Työssäkäyntimatka | C15: 14.230068 | D15: 14.429289 | E15: 14.6313 | F15: 14.836138 | G15: 15.043844 | H15: 15.254457 | I15: 15.46802 | J15: 15.684572 | K15: 15.904156 | L15: 16.126814 | M15: 16.35259 | N15: 16.581526 | O15: 16.813667 | P15: 17.049059 | Q15: 17.287745 | R15: 17.529774 | S15: 17.775191 | T15: 18.024043 | U15: 18.27638 | V15: 18.532249 | W15: 18.791701 | X15: 19.054785 | Y15: 19.321552 | Z15: 19.592053 | AA15: 19.866342 | AB15: 20.144471 | AC15: 20.426494 | AD15: 20.712464 | AE15: 21.002439 | AF15: 21.296473 | AG15: 21.594624 | AH15: 21.896948 | AI15: 22.203506 | AJ15: 22.514355 | AK15: 22.829556 | AL15: 23.14917 | AM15: 23.473258 | AN15: 23.801884
A16: Vapaa-ajan matka | C16: 14.230068 | D16: 14.429289 | E16: 14.6313 | F16: 14.836138 | G16: 15.043844 | H16: 15.254457 | I16: 15.46802 | J16: 15.684572 | K16: 15.904156 | L16: 16.126814 | M16: 16.35259 | N16: 16.581526 | O16: 16.813667 | P16: 17.049059 | Q16: 17.287745 | R16: 17.529774 | S16: 17.775191 | T16: 18.024043 | U16: 18.27638 | V16: 18.532249 | W16: 18.791701 | X16: 19.054785 | Y16: 19.321552 | Z16: 19.592053 | AA16: 19.866342 | AB16: 20.144471 | AC16: 20.426494 | AD16: 20.712464 | AE16: 21.002439 | AF16: 21.296473 | AG16: 21.594624 | AH16: 21.896948 | AI16: 22.203506 | AJ16: 22.514355 | AK16: 22.829556 | AL16: 23.14917 | AM16: 23.473258 | AN16: 23.801884
A17: Työasiamatka | C17: 14.230068 | D17: 14.429289 | E17: 14.6313 | F17: 14.836138 | G17: 15.043844 | H17: 15.254457 | I17: 15.46802 | J17: 15.684572 | K17: 15.904156 | L17: 16.126814 | M17: 16.35259 | N17: 16.581526 | O17: 16.813667 | P17: 17.049059 | Q17: 17.287745 | R17: 17.529774 | S17: 17.775191 | T17: 18.024043 | U17: 18.27638 | V17: 18.532249 | W17: 18.791701 | X17: 19.054785 | Y17: 19.321552 | Z17: 19.592053 | AA17: 19.866342 | AB17: 20.144471 | AC17: 20.426494 | AD17: 20.712464 | AE17: 21.002439 | AF17: 21.296473 | AG17: 21.594624 | AH17: 21.896948 | AI17: 22.203506 | AJ17: 22.514355 | AK17: 22.829556 | AL17: 23.14917 | AM17: 23.473258 | AN17: 23.801884
A19: Ajoneuvokustannus
A20: Vuosi | B20: 2022 | C20: =B20+1 -> 2023 | D20: =C20+1 -> 2024 | E20: =D20+1 -> 2025 | F20: =E20+1 -> 2026 | G20: =F20+1 -> 2027 | H20: =G20+1 -> 2028 | I20: =H20+1 -> 2029 | J20: =I20+1 -> 2030 | ... AN20: =AM20+1 -> 2060
A21: Henkilöauto/Veroton | B21: 0.117 | C21: 0.11675 | D21: 0.1165 | E21: 0.11625 | F21: 0.116 | G21: 0.11575 | H21: 0.1155 | I21: 0.11525 | J21: 0.115 | K21: 0.1122 | L21: 0.1094 | M21: 0.1066 | N21: 0.1038 | O21: 0.101 | P21: 0.0982 | Q21: 0.0954 | R21: 0.0926 | S21: 0.0898 | T21: 0.087 | U21: 0.0861 | V21: 0.0852 | W21: 0.0843 | X21: 0.0834 | Y21: 0.0825 | Z21: 0.0816 | AA21: 0.0807 | AB21: 0.0798 | AC21: 0.0789 | AD21: 0.078 | AE21: 0.0778 | AF21: 0.0776 | AG21: 0.0774 | AH21: 0.0772 | AI21: 0.077 | AJ21: 0.0768 | AK21: 0.0766 | AL21: 0.0764 | AM21: 0.0762 | AN21: 0.076
A22: Henkilöauto/Vero | B22: 0.075 | C22: 0.072875 | D22: 0.07075 | E22: 0.068625 | F22: 0.0665 | G22: 0.064375 | H22: 0.06225 | I22: 0.060125 | J22: 0.058 | K22: 0.0556 | L22: 0.0532 | M22: 0.0508 | N22: 0.0484 | O22: 0.046 | P22: 0.0436 | Q22: 0.0412 | R22: 0.0388 | S22: 0.0364 | T22: 0.034 | U22: 0.0332 | V22: 0.0324 | W22: 0.0316 | X22: 0.0308 | Y22: 0.03 | Z22: 0.0292 | AA22: 0.0284 | AB22: 0.0276 | AC22: 0.0268 | AD22: 0.026 | AE22: 0.0258 | AF22: 0.0256 | AG22: 0.0254 | AH22: 0.0252 | AI22: 0.025 | AJ22: 0.0248 | AK22: 0.0246 | AL22: 0.0244 | AM22: 0.0242 | AN22: 0.024
A23: Henkilöauto/Yhteensä | B23: 0.192 | C23: 0.189625 | D23: 0.18725 | E23: 0.184875 | F23: 0.1825 | G23: 0.180125 | H23: 0.17775 | I23: 0.175375 | J23: 0.173 | K23: 0.1678 | L23: 0.1626 | M23: 0.1574 | N23: 0.1522 | O23: 0.147 | P23: 0.1418 | Q23: 0.1366 | R23: 0.1314 | S23: 0.1262 | T23: 0.121 | U23: 0.1193 | V23: 0.1176 | W23: 0.1159 | X23: 0.1142 | Y23: 0.1125 | Z23: 0.1108 | AA23: 0.1091 | AB23: 0.1074 | AC23: 0.1057 | AD23: 0.104 | AE23: 0.1036 | AF23: 0.1032 | AG23: 0.1028 | AH23: 0.1024 | AI23: 0.102 | AJ23: 0.1016 | AK23: 0.1012 | AL23: 0.1008 | AM23: 0.1004 | AN23: 0.1
A24: Pakettiauto/Veroton | B24: 0.15 | C24: 0.150875 | D24: 0.15175 | E24: 0.152625 | F24: 0.1535 | G24: 0.154375 | H24: 0.15525 | I24: 0.156125 | J24: 0.157 | K24: 0.1523 | L24: 0.1476 | M24: 0.1429 | N24: 0.1382 | O24: 0.1335 | P24: 0.1288 | Q24: 0.1241 | R24: 0.1194 | S24: 0.1147 | T24: 0.11 | U24: 0.1075 | V24: 0.105 | W24: 0.1025 | X24: 0.1 | Y24: 0.0975 | Z24: 0.095 | AA24: 0.0925 | AB24: 0.09 | AC24: 0.0875 | AD24: 0.085 | AE24: 0.0844 | AF24: 0.0838 | AG24: 0.0832 | AH24: 0.0826 | AI24: 0.082 | AJ24: 0.0814 | AK24: 0.0808 | AL24: 0.0802 | AM24: 0.0796 | AN24: 0.079
A25: Pakettiauto/Vero | B25: 0.072 | C25: 0.0705 | D25: 0.069 | E25: 0.0675 | F25: 0.066 | G25: 0.0645 | H25: 0.063 | I25: 0.0615 | J25: 0.06 | K25: 0.0573 | L25: 0.0546 | M25: 0.0519 | N25: 0.0492 | O25: 0.0465 | P25: 0.0438 | Q25: 0.0411 | R25: 0.0384 | S25: 0.0357 | T25: 0.033 | U25: 0.0318 | V25: 0.0306 | W25: 0.0294 | X25: 0.0282 | Y25: 0.027 | Z25: 0.0258 | AA25: 0.0246 | AB25: 0.0234 | AC25: 0.0222 | AD25: 0.021 | AE25: 0.0206 | AF25: 0.0202 | AG25: 0.0198 | AH25: 0.0194 | AI25: 0.019 | AJ25: 0.0186 | AK25: 0.0182 | AL25: 0.0178 | AM25: 0.0174 | AN25: 0.017
A26: Pakettiauto/Yhteensä | B26: 0.222 | C26: 0.221375 | D26: 0.22075 | E26: 0.220125 | F26: 0.2195 | G26: 0.218875 | H26: 0.21825 | I26: 0.217625 | J26: 0.217 | K26: 0.2096 | L26: 0.2022 | M26: 0.1948 | N26: 0.1874 | O26: 0.18 | P26: 0.1726 | Q26: 0.1652 | R26: 0.1578 | S26: 0.1504 | T26: 0.143 | U26: 0.1393 | V26: 0.1356 | W26: 0.1319 | X26: 0.1282 | Y26: 0.1245 | Z26: 0.1208 | AA26: 0.1171 | AB26: 0.1134 | AC26: 0.1097 | AD26: 0.106 | AE26: 0.105 | AF26: 0.104 | AG26: 0.103 | AH26: 0.102 | AI26: 0.101 | AJ26: 0.1 | AK26: 0.099 | AL26: 0.098 | AM26: 0.097 | AN26: 0.096
A27: Linja-auto/Veroton | B27: 0.74 | C27: 0.73925 | D27: 0.7385 | E27: 0.73775 | F27: 0.737 | G27: 0.73625 | H27: 0.7355 | I27: 0.73475 | J27: 0.734 | K27: 0.7202 | L27: 0.7064 | M27: 0.6926 | N27: 0.6788 | O27: 0.665 | P27: 0.6512 | Q27: 0.6374 | R27: 0.6236 | S27: 0.6098 | T27: 0.596 | U27: 0.5981 | V27: 0.6002 | W27: 0.6023 | X27: 0.6044 | Y27: 0.6065 | Z27: 0.6086 | AA27: 0.6107 | AB27: 0.6128 | AC27: 0.6149 | AD27: 0.617 | AE27: 0.6238 | AF27: 0.6306 | AG27: 0.6374 | AH27: 0.6442 | AI27: 0.651 | AJ27: 0.6578 | AK27: 0.6646 | AL27: 0.6714 | AM27: 0.6782 | AN27: 0.685
A28: Linja-auto/Vero | B28: 0.188 | C28: 0.180875 | D28: 0.17375 | E28: 0.166625 | F28: 0.1595 | G28: 0.152375 | H28: 0.14525 | I28: 0.138125 | J28: 0.131 | K28: 0.1252 | L28: 0.1194 | M28: 0.1136 | N28: 0.1078 | O28: 0.102 | P28: 0.0962 | Q28: 0.0904 | R28: 0.0846 | S28: 0.0788 | T28: 0.073 | U28: 0.0711 | V28: 0.0692 | W28: 0.0673 | X28: 0.0654 | Y28: 0.0635 | Z28: 0.0616 | AA28: 0.0597 | AB28: 0.0578 | AC28: 0.0559 | AD28: 0.054 | AE28: 0.0531 | AF28: 0.0522 | AG28: 0.0513 | AH28: 0.0504 | AI28: 0.0495 | AJ28: 0.0486 | AK28: 0.0477 | AL28: 0.0468 | AM28: 0.0459 | AN28: 0.045
A29: Linja-auto/Yhteensä | B29: 0.928 | C29: 0.920125 | D29: 0.91225 | E29: 0.904375 | F29: 0.8965 | G29: 0.888625 | H29: 0.88075 | I29: 0.872875 | J29: 0.865 | K29: 0.8454 | L29: 0.8258 | M29: 0.8062 | N29: 0.7866 | O29: 0.767 | P29: 0.7474 | Q29: 0.7278 | R29: 0.7082 | S29: 0.6886 | T29: 0.669 | U29: 0.6692 | V29: 0.6694 | W29: 0.6696 | X29: 0.6698 | Y29: 0.67 | Z29: 0.6702 | AA29: 0.6704 | AB29: 0.6706 | AC29: 0.6708 | AD29: 0.671 | AE29: 0.6769 | AF29: 0.6828 | AG29: 0.6887 | AH29: 0.6946 | AI29: 0.7005 | AJ29: 0.7064 | AK29: 0.7123 | AL29: 0.7182 | AM29: 0.7241 | AN29: 0.73
A30: Kuorma-auto/Veroton | B30: 0.682 | C30: 0.697125 | D30: 0.71225 | E30: 0.727375 | F30: 0.7425 | G30: 0.757625 | H30: 0.77275 | I30: 0.787875 | J30: 0.803 | K30: 0.7965 | L30: 0.79 | M30: 0.7835 | N30: 0.777 | O30: 0.7705 | P30: 0.764 | Q30: 0.7575 | R30: 0.751 | S30: 0.7445 | T30: 0.738 | U30: 0.7329 | V30: 0.7278 | W30: 0.7227 | X30: 0.7176 | Y30: 0.7125 | Z30: 0.7074 | AA30: 0.7023 | AB30: 0.6972 | AC30: 0.6921 | AD30: 0.687 | AE30: 0.6819 | AF30: 0.6768 | AG30: 0.6717 | AH30: 0.6666 | AI30: 0.6615 | AJ30: 0.6564 | AK30: 0.6513 | AL30: 0.6462 | AM30: 0.6411 | AN30: 0.636
A31: Kuorma-auto/Vero | B31: 0.202 | C31: 0.2 | D31: 0.198 | E31: 0.196 | F31: 0.194 | G31: 0.192 | H31: 0.19 | I31: 0.188 | J31: 0.186 | K31: 0.1818 | L31: 0.1776 | M31: 0.1734 | N31: 0.1692 | O31: 0.165 | P31: 0.1608 | Q31: 0.1566 | R31: 0.1524 | S31: 0.1482 | T31: 0.144 | U31: 0.14 | V31: 0.136 | W31: 0.132 | X31: 0.128 | Y31: 0.124 | Z31: 0.12 | AA31: 0.116 | AB31: 0.112 | AC31: 0.108 | AD31: 0.104 | AE31: 0.1007 | AF31: 0.0974 | AG31: 0.0941 | AH31: 0.0908 | AI31: 0.0875 | AJ31: 0.0842 | AK31: 0.0809 | AL31: 0.0776 | AM31: 0.0743 | AN31: 0.071
A32: Kuorma-auto/Yhteensä | B32: 0.884 | C32: 0.897125 | D32: 0.91025 | E32: 0.923375 | F32: 0.9365 | G32: 0.949625 | H32: 0.96275 | I32: 0.975875 | J32: 0.989 | K32: 0.9783 | L32: 0.9676 | M32: 0.9569 | N32: 0.9462 | O32: 0.9355 | P32: 0.9248 | Q32: 0.9141 | R32: 0.9034 | S32: 0.8927 | T32: 0.882 | U32: 0.8729 | V32: 0.8638 | W32: 0.8547 | X32: 0.8456 | Y32: 0.8365 | Z32: 0.8274 | AA32: 0.8183 | AB32: 0.8092 | AC32: 0.8001 | AD32: 0.791 | AE32: 0.7826 | AF32: 0.7742 | AG32: 0.7658 | AH32: 0.7574 | AI32: 0.749 | AJ32: 0.7406 | AK32: 0.7322 | AL32: 0.7238 | AM32: 0.7154 | AN32: 0.707
... A35: Ajoneuvoyhdistelmä/Yhteensä | B35: 1.023 | C35: 1.039125 | D35: 1.05525 | E35: 1.071375 | F35: 1.0875 | G35: 1.103625 | H35: 1.11975 | I35: 1.135875 | J35: 1.152 | K35: 1.1193 | L35: 1.0866 | M35: 1.0539 | N35: 1.0212 | O35: 0.9885 | P35: 0.9558 | Q35: 0.9231 | R35: 0.8904 | S35: 0.8577 | T35: 0.825 | U35: 0.8183 | V35: 0.8116 | W35: 0.8049 | X35: 0.7982 | Y35: 0.7915 | Z35: 0.7848 | AA35: 0.7781 | AB35: 0.7714 | AC35: 0.7647 | AD35: 0.758 | AE35: 0.7535 | AF35: 0.749 | AG35: 0.7445 | AH35: 0.74 | AI35: 0.7355 | AJ35: 0.731 | AK35: 0.7265 | AL35: 0.722 | AM35: 0.7175 | AN35: 0.713
A37: Yksikkökustannukset
A38: Melutaso dB(A) | B38: 2022 | C38: 2023 | D38: 2024 | E38: 2025 | F38: 2026 | G38: 2027 | H38: 2028 | I38: 2029 | J38: 2030 | K38: 2031 | L38: 2032 | M38: 2033 | N38: 2034 | O38: 2035 | P38: 2036 | Q38: 2037 | R38: 2038 | S38: 2039 | T38: 2040 | U38: 2041 | V38: 2042 | W38: 2043 | X38: 2044 | Y38: 2045 | Z38: 2046 | AA38: 2047 | AB38: 2048 | AC38: 2049 | AD38: 2050 | AE38: 2051 | AF38: 2052 | AG38: 2053 | AH38: 2054 | AI38: 2055 | AJ38: 2056 | AK38: 2057 | AL38: 2058 | AM38: 2059 | AN38: 2060
A39: 50-54 | B39: 140 | C39: 142 | D39: 144 | E39: 146 | F39: 148 | G39: 150 | H39: 152 | I39: 154 | J39: 156 | K39: 158.4 | L39: 160.8 | M39: 163.2 | N39: 165.6 | O39: 168 | P39: 170.4 | Q39: 172.8 | R39: 175.2 | S39: 177.6 | T39: 180 | U39: 182.7 | V39: 185.4 | W39: 188.1 | X39: 190.8 | Y39: 193.5 | Z39: 196.2 | AA39: 198.9 | AB39: 201.6 | AC39: 204.3 | AD39: 207 | AE39: 210 | AF39: 213 | AG39: 216 | AH39: 219 | AI39: 222 | AJ39: 225 | AK39: 228 | AL39: 231 | AM39: 234 | AN39: 237
A40: 55-59 | B40: 740 | C40: 750.875 | D40: 761.75 | E40: 772.625 | F40: 783.5 | G40: 794.375 | H40: 805.25 | I40: 816.125 | J40: 827 | K40: 839.3 | L40: 851.6 | M40: 863.9 | N40: 876.2 | O40: 888.5 | P40: 900.8 | Q40: 913.1 | R40: 925.4 | S40: 937.7 | T40: 950 | U40: 964.2 | V40: 978.4 | W40: 992.6 | X40: 1006.8 | Y40: 1021 | Z40: 1035.2 | AA40: 1049.4 | AB40: 1063.6 | AC40: 1077.8 | AD40: 1092 | AE40: 1108.3 | AF40: 1124.6 | AG40: 1140.9 | AH40: 1157.2 | AI40: 1173.5 | AJ40: 1189.8 | AK40: 1206.1 | AL40: 1222.4 | AM40: 1238.7 | AN40: 1255
A41: 60-64 | B41: 1870 | C41: 1897.5 | D41: 1925 | E41: 1952.5 | F41: 1980 | G41: 2007.5 | H41: 2035 | I41: 2062.5 | J41: 2090 | K41: 2121.2 | L41: 2152.4 | M41: 2183.6 | N41: 2214.8 | O41: 2246 | P41: 2277.2 | Q41: 2308.4 | R41: 2339.6 | S41: 2370.8 | T41: 2402 | U41: 2437.8 | V41: 2473.6 | W41: 2509.4 | X41: 2545.2 | Y41: 2581 | Z41: 2616.8 | AA41: 2652.6 | AB41: 2688.4 | AC41: 2724.2 | AD41: 2760 | AE41: 2801.2 | AF41: 2842.4 | AG41: 2883.6 | AH41: 2924.8 | AI41: 2966 | AJ41: 3007.2 | AK41: 3048.4 | AL41: 3089.6 | AM41: 3130.8 | AN41: 3172
A42: 65-69 | B42: 3500 | C42: 3551.5 | D42: 3603 | E42: 3654.5 | F42: 3706 | G42: 3757.5 | H42: 3809 | I42: 3860.5 | J42: 3912 | K42: 3970.3 | L42: 4028.6 | M42: 4086.9 | N42: 4145.2 | O42: 4203.5 | P42: 4261.8 | Q42: 4320.1 | R42: 4378.4 | S42: 4436.7 | T42: 4495 | U42: 4562.1 | V42: 4629.2 | W42: 4696.3 | X42: 4763.4 | Y42: 4830.5 | Z42: 4897.6 | AA42: 4964.7 | AB42: 5031.8 | AC42: 5098.9 | AD42: 5166 | AE42: 5243 | AF42: 5320 | AG42: 5397 | AH42: 5474 | AI42: 5551 | AJ42: 5628 | AK42: 5705 | AL42: 5782 | AM42: 5859 | AN42: 5936
A43: 70-75 | B43: 5900 | C43: 5986.75 | D43: 6073.5 | E43: 6160.25 | F43: 6247 | G43: 6333.75 | H43: 6420.5 | I43: 6507.25 | J43: 6594 | K43: 6692.4 | L43: 6790.8 | M43: 6889.2 | N43: 6987.6 | O43: 7086 | P43: 7184.4 | Q43: 7282.8 | R43: 7381.2 | S43: 7479.6 | T43: 7578 | U43: 7691 | V43: 7804 | W43: 7917 | X43: 8030 | Y43: 8143 | Z43: 8256 | AA43: 8369 | AB43: 8482 | AC43: 8595 | AD43: 8708 | AE43: 8837.9 | AF43: 8967.8 | AG43: 9097.7 | AH43: 9227.6 | AI43: 9357.5 | AJ43: 9487.4 | AK43: 9617.3 | AL43: 9747.2 | AM43: 9877.1 | AN43: 10007
A45: Päästöt / taajama (eur/tonni) | B45: 2022 | C45: 2023 | D45: 2024 | E45: 2025 | F45: 2026 | G45: 2027 | H45: 2028 | I45: 2029 | J45: 2030 | K45: 2031 | L45: 2032 | M45: 2033 | N45: 2034 | O45: 2035 | P45: 2036 | Q45: 2037 | R45: 2038 | S45: 2039 | T45: 2040 | U45: 2041 | V45: 2042 | W45: 2043 | X45: 2044 | Y45: 2045 | Z45: 2046 | AA45: 2047 | AB45: 2048 | AC45: 2049 | AD45: 2050 | AE45: 2051 | AF45: 2052 | AG45: 2053 | AH45: 2054 | AI45: 2055 | AJ45: 2056 | AK45: 2057 | AL45: 2058 | AM45: 2059 | AN45: 2060
A46: NOx | B46: 1664 | C46: 1688.5 | D46: 1713 | E46: 1737.5 | F46: 1762 | G46: 1786.5 | H46: 1811 | I46: 1835.5 | J46: 1860 | K46: 1887.7 | L46: 1915.4 | M46: 1943.1 | N46: 1970.8 | O46: 1998.5 | P46: 2026.2 | Q46: 2053.9 | R46: 2081.6 | S46: 2109.3 | T46: 2137 | U46: 2168.9 | V46: 2200.8 | W46: 2232.7 | X46: 2264.6 | Y46: 2296.5 | Z46: 2328.4 | AA46: 2360.3 | AB46: 2392.2 | AC46: 2424.1 | AD46: 2456 | AE46: 2492.6 | AF46: 2529.2 | AG46: 2565.8 | AH46: 2602.4 | AI46: 2639 | AJ46: 2675.6 | AK46: 2712.2 | AL46: 2748.8 | AM46: 2785.4 | AN46: 2822
A47: PM | B47: 155288 | C47: 157571.5 | D47: 159855 | E47: 162138.5 | F47: 164422 | G47: 166705.5 | H47: 168989 | I47: 171272.5 | J47: 173556 | K47: 176144.8 | L47: 178733.6 | M47: 181322.4 | N47: 183911.2 | O47: 186500 | P47: 189088.8 | Q47: 191677.6 | R47: 194266.4 | S47: 196855.2 | T47: 199444 | U47: 202412.5 | V47: 205381 | W47: 208349.5 | X47: 211318 | Y47: 214286.5 | Z47: 217255 | AA47: 220223.5 | AB47: 223192 | AC47: 226160.5 | AD47: 229129 | AE47: 232553.9 | AF47: 235978.8 | AG47: 239403.7 | AH47: 242828.6 | AI47: 246253.5 | AJ47: 249678.4 | AK47: 253103.3 | AL47: 256528.2 | AM47: 259953.1 | AN47: 263378
A48: CO2 | B48: 128 | C48: 147 | D48: 166 | E48: 185 | F48: 204 | G48: 223 | H48: 242 | I48: 261 | J48: 280 | K48: 311 | L48: 342 | M48: 373 | N48: 404 | O48: 435 | P48: 466 | Q48: 497 | R48: 528 | S48: 559 | T48: 590 | U48: 621 | V48: 652 | W48: 683 | X48: 714 | Y48: 745 | Z48: 776 | AA48: 807 | AB48: 838 | AC48: 869 | AD48: 900 | AE48: 915 | AF48: 930 | AG48: 945 | AH48: 960 | AI48: 975 | AJ48: 990 | AK48: 1005 | AL48: 1020 | AM48: 1035 | AN48: 1050
A50: Päästöt / haja-asutus (eur/tonni) | B50: 2022 | C50: 2023 | D50: 2024 | E50: 2025 | F50: 2026 | G50: 2027 | H50: 2028 | I50: 2029 | J50: 2030 | K50: 2031 | L50: 2032 | M50: 2033 | N50: 2034 | O50: 2035 | P50: 2036 | Q50: 2037 | R50: 2038 | S50: 2039 | T50: 2040 | U50: 2041 | V50: 2042 | W50: 2043 | X50: 2044 | Y50: 2045 | Z50: 2046 | AA50: 2047 | AB50: 2048 | AC50: 2049 | AD50: 2050 | AE50: 2051 | AF50: 2052 | AG50: 2053 | AH50: 2054 | AI50: 2055 | AJ50: 2056 | AK50: 2057 | AL50: 2058 | AM50: 2059 | AN50: 2060
A51: NOx | B51: 355 | C51: 360.25 | D51: 365.5 | E51: 370.75 | F51: 376 | G51: 381.25 | H51: 386.5 | I51: 391.75 | J51: 397 | K51: 402.9 | L51: 408.8 | M51: 414.7 | N51: 420.6 | O51: 426.5 | P51: 432.4 | Q51: 438.3 | R51: 444.2 | S51: 450.1 | T51: 456 | U51: 462.8 | V51: 469.6 | W51: 476.4 | X51: 483.2 | Y51: 490 | Z51: 496.8 | AA51: 503.6 | AB51: 510.4 | AC51: 517.2 | AD51: 524 | AE51: 531.8 | AF51: 539.6 | AG51: 547.4 | AH51: 555.2 | AI51: 563 | AJ51: 570.8 | AK51: 578.6 | AL51: 586.4 | AM51: 594.2 | AN51: 602
... A53: CO2 | B53: 128 | C53: 147 | D53: 166 | E53: 185 | F53: 204 | G53: 223 | H53: 242 | I53: 261 | J53: 280 | K53: 311 | L53: 342 | M53: 373 | N53: 404 | O53: 435 | P53: 466 | Q53: 497 | R53: 528 | S53: 559 | T53: 590 | U53: 621 | V53: 652 | W53: 683 | X53: 714 | Y53: 745 | Z53: 776 | AA53: 807 | AB53: 838 | AC53: 869 | AD53: 900 | AE53: 915 | AF53: 930 | AG53: 945 | AH53: 960 | AI53: 975 | AJ53: 990 | AK53: 1005 | AL53: 1020 | AM53: 1035 | AN53: 1050
A55: Yksikköpäästökertoimet
A56: Henkilöauto / taajama (g/km) | B56: 2022 | C56: 2023 | D56: 2024 | E56: 2025 | F56: 2026 | G56: 2027 | H56: 2028 | I56: 2029 | J56: 2030 | K56: 2031 | L56: 2032 | M56: 2033 | N56: 2034 | O56: 2035 | P56: 2036 | Q56: 2037 | R56: 2038 | S56: 2039 | T56: 2040 | U56: 2041 | V56: 2042 | W56: 2043 | X56: 2044 | Y56: 2045 | Z56: 2046 | AA56: 2047 | AB56: 2048 | AC56: 2049 | AD56: 2050 | AE56: 2051 | AF56: 2052 | AG56: 2053 | AH56: 2054 | AI56: 2055 | AJ56: 2056 | AK56: 2057 | AL56: 2058 | AM56: 2059 | AN56: 2060
A57: NOx | B57: 0.33562363 | C57: 0.33562363 | D57: 0.33562363 | E57: 0.33562363 | F57: 0.33562363 | G57: 0.33562363 | H57: 0.33562363 | I57: 0.33562363 | J57: 0.33562363 | K57: 0.33562363 | L57: 0.33562363 | M57: 0.33562363 | N57: 0.33562363 | O57: 0.33562363 | P57: 0.33562363 | Q57: 0.33562363 | R57: 0.33562363 | S57: 0.33562363 | T57: 0.33562363 | U57: 0.33562363 | V57: 0.33562363 | W57: 0.33562363 | X57: 0.33562363 | Y57: 0.33562363 | Z57: 0.33562363 | AA57: 0.33562363 | AB57: 0.33562363 | AC57: 0.33562363 | AD57: 0.33562363 | AE57: 0.33562363 | AF57: 0.33562363 | AG57: 0.33562363 | AH57: 0.33562363 | AI57: 0.33562363 | AJ57: 0.33562363 | AK57: 0.33562363 | AL57: 0.33562363 | AM57: 0.33562363 | AN57: 0.33562363
A58: PM | B58: 0.0079206031 | C58: 0.0079206031 | D58: 0.0079206031 | E58: 0.0079206031 | F58: 0.0079206031 | G58: 0.0079206031 | H58: 0.0079206031 | I58: 0.0079206031 | J58: 0.0079206031 | K58: 0.0079206031 | L58: 0.0079206031 | M58: 0.0079206031 | N58: 0.0079206031 | O58: 0.0079206031 | P58: 0.0079206031 | Q58: 0.0079206031 | R58: 0.0079206031 | S58: 0.0079206031 | T58: 0.0079206031 | U58: 0.0079206031 | V58: 0.0079206031 | W58: 0.0079206031 | X58: 0.0079206031 | Y58: 0.0079206031 | Z58: 0.0079206031 | AA58: 0.0079206031 | AB58: 0.0079206031 | AC58: 0.0079206031 | AD58: 0.0079206031 | AE58: 0.0079206031 | AF58: 0.0079206031 | AG58: 0.0079206031 | AH58: 0.0079206031 | AI58: 0.0079206031 | AJ58: 0.0079206031 | AK58: 0.0079206031 | AL58: 0.0079206031 | AM58: 0.0079206031 | AN58: 0.0079206031
A59: CO2 | B59: 146.71387 | C59: 145.54423 | D59: 127.09608 | E59: 120.88144 | F59: 115.25816 | G59: 108.51682 | H59: 101.33532 | I59: 93.737251 | J59: 84.973732 | K59: 77.528661 | L59: 70.391697 | M59: 63.67756 | N59: 57.272475 | O59: 51.302169 | P59: 45.863534 | Q59: 40.765106 | R59: 36.147823 | S59: 32.013346 | T59: 28.331113 | U59: 24.925395 | V59: 21.905338 | W59: 19.310483 | X59: 16.988348 | Y59: 14.908274 | Z59: 13.057954 | AA59: 11.408648 | AB59: 9.9424842 | AC59: 8.6418016 | AD59: 7.4491014 | AE59: 6.3617696 | AF59: 5.4133252 | AG59: 4.5895236 | AH59: 3.8767171 | AI59: 3.2626454 | AJ59: 2.7357729 | AK59: 2.2863607 | AL59: 1.9042692 | AM59: 1.5810663 | AN59: 1.3092086
A61: Henkilöauto / haja-asutus (g/km) | B61: 2022 | C61: 2023 | D61: 2024 | E61: 2025 | F61: 2026 | G61: 2027 | H61: 2028 | I61: 2029 | J61: 2030 | K61: 2031 | L61: 2032 | M61: 2033 | N61: 2034 | O61: 2035 | P61: 2036 | Q61: 2037 | R61: 2038 | S61: 2039 | T61: 2040 | U61: 2041 | V61: 2042 | W61: 2043 | X61: 2044 | Y61: 2045 | Z61: 2046 | AA61: 2047 | AB61: 2048 | AC61: 2049 | AD61: 2050 | AE61: 2051 | AF61: 2052 | AG61: 2053 | AH61: 2054 | AI61: 2055 | AJ61: 2056 | AK61: 2057 | AL61: 2058 | AM61: 2059 | AN61: 2060
A62: NOx | B62: 0.25690222 | C62: 0.25690222 | D62: 0.25690222 | E62: 0.25690222 | F62: 0.25690222 | G62: 0.25690222 | H62: 0.25690222 | I62: 0.25690222 | J62: 0.25690222 | K62: 0.25690222 | L62: 0.25690222 | M62: 0.25690222 | N62: 0.25690222 | O62: 0.25690222 | P62: 0.25690222 | Q62: 0.25690222 | R62: 0.25690222 | S62: 0.25690222 | T62: 0.25690222 | U62: 0.25690222 | V62: 0.25690222 | W62: 0.25690222 | X62: 0.25690222 | Y62: 0.25690222 | Z62: 0.25690222 | AA62: 0.25690222 | AB62: 0.25690222 | AC62: 0.25690222 | AD62: 0.25690222 | AE62: 0.25690222 | AF62: 0.25690222 | AG62: 0.25690222 | AH62: 0.25690222 | AI62: 0.25690222 | AJ62: 0.25690222 | AK62: 0.25690222 | AL62: 0.25690222 | AM62: 0.25690222 | AN62: 0.25690222
A63: PM | B63: 0.0051722933 | C63: 0.0051722933 | D63: 0.0051722933 | E63: 0.0051722933 | F63: 0.0051722933 | G63: 0.0051722933 | H63: 0.0051722933 | I63: 0.0051722933 | J63: 0.0051722933 | K63: 0.0051722933 | L63: 0.0051722933 | M63: 0.0051722933 | N63: 0.0051722933 | O63: 0.0051722933 | P63: 0.0051722933 | Q63: 0.0051722933 | R63: 0.0051722933 | S63: 0.0051722933 | T63: 0.0051722933 | U63: 0.0051722933 | V63: 0.0051722933 | W63: 0.0051722933 | X63: 0.0051722933 | Y63: 0.0051722933 | Z63: 0.0051722933 | AA63: 0.0051722933 | AB63: 0.0051722933 | AC63: 0.0051722933 | AD63: 0.0051722933 | AE63: 0.0051722933 | AF63: 0.0051722933 | AG63: 0.0051722933 | AH63: 0.0051722933 | AI63: 0.0051722933 | AJ63: 0.0051722933 | AK63: 0.0051722933 | AL63: 0.0051722933 | AM63: 0.0051722933 | AN63: 0.0051722933
A64: CO2 | B64: 114.06178 | C64: 113.15246 | D64: 98.810059 | E64: 93.978525 | F64: 89.606743 | G64: 84.36573 | H64: 78.782511 | I64: 72.875443 | J64: 66.062299 | K64: 60.274176 | L64: 54.725587 | M64: 49.505723 | N64: 44.52613 | O64: 39.884552 | P64: 35.656319 | Q64: 31.692578 | R64: 28.1029 | S64: 24.888577 | T64: 22.025848 | U64: 19.378093 | V64: 17.030168 | W64: 15.012815 | X64: 13.207485 | Y64: 11.590345 | Z64: 10.151825 | AA64: 8.8695824 | AB64: 7.7297225 | AC64: 6.7185149 | AD64: 5.7912575 | AE64: 4.9459182 | AF64: 4.208556 | AG64: 3.5680966 | AH64: 3.0139296 | AI64: 2.5365234 | AJ64: 2.1269096 | AK64: 1.7775169 | AL64: 1.4804623 | AM64: 1.2291902 | AN64: 1.0178361
A67: Pakettiauto / taajama (g/km) | B67: 2022 | C67: 2023 | D67: 2024 | E67: 2025 | F67: 2026 | G67: 2027 | H67: 2028 | I67: 2029 | J67: 2030 | K67: 2031 | L67: 2032 | M67: 2033 | N67: 2034 | O67: 2035 | P67: 2036 | Q67: 2037 | R67: 2038 | S67: 2039 | T67: 2040 | U67: 2041 | V67: 2042 | W67: 2043 | X67: 2044 | Y67: 2045 | Z67: 2046 | AA67: 2047 | AB67: 2048 | AC67: 2049 | AD67: 2050 | AE67: 2051 | AF67: 2052 | AG67: 2053 | AH67: 2054 | AI67: 2055 | AJ67: 2056 | AK67: 2057 | AL67: 2058 | AM67: 2059 | AN67: 2060
A68: NOx | B68: 0.81685468 | C68: 0.81685468 | D68: 0.81685468 | E68: 0.81685468 | F68: 0.81685468 | G68: 0.81685468 | H68: 0.81685468 | I68: 0.81685468 | J68: 0.81685468 | K68: 0.81685468 | L68: 0.81685468 | M68: 0.81685468 | N68: 0.81685468 | O68: 0.81685468 | P68: 0.81685468 | Q68: 0.81685468 | R68: 0.81685468 | S68: 0.81685468 | T68: 0.81685468 | U68: 0.81685468 | V68: 0.81685468 | W68: 0.81685468 | X68: 0.81685468 | Y68: 0.81685468 | Z68: 0.81685468 | AA68: 0.81685468 | AB68: 0.81685468 | AC68: 0.81685468 | AD68: 0.81685468 | AE68: 0.81685468 | AF68: 0.81685468 | AG68: 0.81685468 | AH68: 0.81685468 | AI68: 0.81685468 | AJ68: 0.81685468 | AK68: 0.81685468 | AL68: 0.81685468 | AM68: 0.81685468 | AN68: 0.81685468
A69: PM | B69: 0.04114134 | C69: 0.04114134 | D69: 0.04114134 | E69: 0.04114134 | F69: 0.04114134 | G69: 0.04114134 | H69: 0.04114134 | I69: 0.04114134 | J69: 0.04114134 | K69: 0.04114134 | L69: 0.04114134 | M69: 0.04114134 | N69: 0.04114134 | O69: 0.04114134 | P69: 0.04114134 | Q69: 0.04114134 | R69: 0.04114134 | S69: 0.04114134 | T69: 0.04114134 | U69: 0.04114134 | V69: 0.04114134 | W69: 0.04114134 | X69: 0.04114134 | Y69: 0.04114134 | Z69: 0.04114134 | AA69: 0.04114134 | AB69: 0.04114134 | AC69: 0.04114134 | AD69: 0.04114134 | AE69: 0.04114134 | AF69: 0.04114134 | AG69: 0.04114134 | AH69: 0.04114134 | AI69: 0.04114134 | AJ69: 0.04114134 | AK69: 0.04114134 | AL69: 0.04114134 | AM69: 0.04114134 | AN69: 0.04114134
A70: CO2 | B70: 151.16151 | C70: 151.39156 | D70: 109.34577 | E70: 103.98088 | F70: 101.00963 | G70: 95.306056 | H70: 89.339107 | I70: 83.064087 | J70: 74.510497 | K70: 69.780188 | L70: 64.741608 | M70: 59.439761 | N70: 54.112302 | O70: 48.805838 | P70: 43.68559 | Q70: 38.955924 | R70: 34.578407 | S70: 30.557123 | T70: 26.85363 | U70: 23.497732 | V70: 20.464017 | W70: 17.715668 | X70: 15.254094 | Y70: 13.067965 | Z70: 11.131635 | AA70: 9.4259198 | AB70: 7.9261867 | AC70: 6.6145034 | AD70: 5.472315 | AE70: 4.5198574 | AF70: 3.7251732 | AG70: 3.0598641 | AH70: 2.5101398 | AI70: 2.0662013 | AJ70: 1.7086005 | AK70: 1.4280214 | AL70: 1.2130197 | AM70: 1.0530704 | AN70: 0.93938096
... A105: CO2 | B105: 1143.4629 | C105: 1162.8589 | D105: 851.30213 | E105: 821.47371 | F105: 809.00633 | G105: 775.56599 | H105: 742.37539 | I105: 709.15194 | J105: 657.95385 | K105: 643.40415 | L105: 629.46426 | M105: 615.69583 | N105: 602.75786 | O105: 590.30069 | P105: 578.34187 | Q105: 567.5034 | R105: 557.08654 | S105: 547.40179 | T105: 538.32232 | U105: 529.47028 | V105: 520.10332 | W105: 509.88658 | X105: 499.23947 | Y105: 487.90459 | Z105: 476.46957 | AA105: 465.65684 | AB105: 455.30352 | AC105: 445.0793 | AD105: 435.19756 | AE105: 425.48359 | AF105: 416.28323 | AG105: 407.67031 | AH105: 399.21285 | AI105: 390.66857 | AJ105: 381.55345 | AK105: 371.26674 | AL105: 359.73902 | AM105: 346.89937 | AN105: 332.51107

Sheet Kayttajahyodyt
B1: Aikasäästön arvo | C1: Lähde: Väylävirasto yksikköarvot | H1: Henkilöauton keskikuormitus
A2: =Diskonttaus!B4 -> 2045 | B2: Työssäkäyntimatka | C2: Vapaa-ajan matka | D2: Työasiamatka | E2: Kuorma-auto | F2: Yhdistelmä | H2: Työssäkäyntimatka | I2: Vapaa-ajan matka
A3: Auto | B3: {=IFERROR(_xlfn.SWITCH($A3,"Auto",INDEX('Liukuvat yksikkoarvot'!$B$3:$AN$7,MATCH(B$2,'Liukuvat yksikkoarvot'!$A$3:$A$7,0),MATCH($A$2,'Liukuvat yksikkoarvot'!$B$2:$AN$2,0)),"Joukkoliikenne (juna)",INDEX('Liukuvat yksikkoarvot'!$B$10:$AN$12,MATCH(B$2,'Liukuvat yksikkoarvot'!$A$10:$A$12,0),MATCH($A$2,'Liukuvat yksikkoarvot'!$B$9:$AN$9,0)),"Polkupyörä",INDEX('Liukuvat yksikkoarvot'!$B$15:$AN$17,MATCH(B$2,'Liukuvat yksikkoarvot'!$A$15:$A$17,0),MATCH($A$2,'Liukuvat yksikkoarvot'!$B$14:$AN$14,0)),""),"")} -> 12.65 | C3: {=IFERROR(_xlfn.SWITCH($A3,"Auto",INDEX('Liukuvat yksikkoarvot'!$B$3:$AN$7,MATCH(C$2,'Liukuvat yksikkoarvot'!$A$3:$A$7,0),MATCH($A$2,'Liukuvat yksikkoarvot'!$B$2:$AN$2,0)),"Joukkoliikenne (juna)",INDEX('Liukuvat yksikkoarvot'!$B$10:$AN$12,MATCH(C$2,'Liukuvat yksikkoarvot'!$A$10:$A$12,0),MATCH($A$2,'Liukuvat yksikkoarvot'!$B$9:$AN$9,0)),"Polkupyörä",INDEX('Liukuvat yksikkoarvot'!$B$15:$AN$17,MATCH(C$2,'Liukuvat yksikkoarvot'!$A$15:$A$17,0),MATCH($A$2,'Liukuvat yksikkoarvot'!$B$14:$AN$14,0)),""),"")} -> 8.6 | D3: {=IFERROR(_xlfn.SWITCH($A3,"Auto",INDEX('Liukuvat yksikkoarvot'!$B$3:$AN$7,MATCH(D$2,'Liukuvat yksikkoarvot'!$A$3:$A$7,0),MATCH($A$2,'Liukuvat yksikkoarvot'!$B$2:$AN$2,0)),"Joukkoliikenne (juna)",INDEX('Liukuvat yksikkoarvot'!$B$10:$AN$12,MATCH(D$2,'Liukuvat yksikkoarvot'!$A$10:$A$12,0),MATCH($A$2,'Liukuvat yksikkoarvot'!$B$9:$AN$9,0)),"Polkupyörä",INDEX('Liukuvat yksikkoarvot'!$B$15:$AN$17,MATCH(D$2,'Liukuvat yksikkoarvot'!$A$15:$A$17,0),MATCH($A$2,'Liukuvat yksikkoarvot'!$B$14:$AN$14,0)),""),"")} -> 37.3 | E3: {=IFERROR(_xlfn.SWITCH($A3,"Auto",INDEX('Liukuvat yksikkoarvot'!$B$3:$AN$7,MATCH(E$2,'Liukuvat yksikkoarvot'!$A$3:$A$7,0),MATCH($A$2,'Liukuvat yksikkoarvot'!$B$2:$AN$2,0)),"Joukkoliikenne (juna)",INDEX('Liukuvat yksikkoarvot'!$B$10:$AN$12,MATCH(E$2,'Liukuvat yksikkoarvot'!$A$10:$A$12,0),MATCH($A$2,'Liukuvat yksikkoarvot'!$B$9:$AN$9,0)),"Polkupyörä",INDEX('Liukuvat yksikkoarvot'!$B$15:$AN$17,MATCH(E$2,'Liukuvat yksikkoarvot'!$A$15:$A$17,0),MATCH($A$2,'Liukuvat yksikkoarvot'!$B$14:$AN$14,0)),""),"")} -> 43.3 | F3: {=IFERROR(_xlfn.SWITCH($A3,"Auto",INDEX('Liukuvat yksikkoarvot'!$B$3:$AN$7,MATCH(F$2,'Liukuvat yksikkoarvot'!$A$3:$A$7,0),MATCH($A$2,'Liukuvat yksikkoarvot'!$B$2:$AN$2,0)),"Joukkoliikenne (juna)",INDEX('Liukuvat yksikkoarvot'!$B$10:$AN$12,MATCH(F$2,'Liukuvat yksikkoarvot'!$A$10:$A$12,0),MATCH($A$2,'Liukuvat yksikkoarvot'!$B$9:$AN$9,0)),"Polkupyörä",INDEX('Liukuvat yksikkoarvot'!$B$15:$AN$17,MATCH(F$2,'Liukuvat yksikkoarvot'!$A$15:$A$17,0),MATCH($A$2,'Liukuvat yksikkoarvot'!$B$14:$AN$14,0)),""),"")} -> 67.905 | H3: 1.16 | I3: 1.4
A4: Joukkoliikenne (juna) | B4: {=IFERROR(_xlfn.SWITCH($A4,"Auto",INDEX('Liukuvat yksikkoarvot'!$B$3:$AN$7,MATCH(B$2,'Liukuvat yksikkoarvot'!$A$3:$A$7,0),MATCH($A$2,'Liukuvat yksikkoarvot'!$B$2:$AN$2,0)),"Joukkoliikenne (juna)",INDEX('Liukuvat yksikkoarvot'!$B$10:$AN$12,MATCH(B$2,'Liukuvat yksikkoarvot'!$A$10:$A$12,0),MATCH($A$2,'Liukuvat yksikkoarvot'!$B$9:$AN$9,0)),"Polkupyörä",INDEX('Liukuvat yksikkoarvot'!$B$15:$AN$17,MATCH(B$2,'Liukuvat yksikkoarvot'!$A$15:$A$17,0),MATCH($A$2,'Liukuvat yksikkoarvot'!$B$14:$AN$14,0)),""),"")} -> 10.1 | C4: {=IFERROR(_xlfn.SWITCH($A4,"Auto",INDEX('Liukuvat yksikkoarvot'!$B$3:$AN$7,MATCH(C$2,'Liukuvat yksikkoarvot'!$A$3:$A$7,0),MATCH($A$2,'Liukuvat yksikkoarvot'!$B$2:$AN$2,0)),"Joukkoliikenne (juna)",INDEX('Liukuvat yksikkoarvot'!$B$10:$AN$12,MATCH(C$2,'Liukuvat yksikkoarvot'!$A$10:$A$12,0),MATCH($A$2,'Liukuvat yksikkoarvot'!$B$9:$AN$9,0)),"Polkupyörä",INDEX('Liukuvat yksikkoarvot'!$B$15:$AN$17,MATCH(C$2,'Liukuvat yksikkoarvot'!$A$15:$A$17,0),MATCH($A$2,'Liukuvat yksikkoarvot'!$B$14:$AN$14,0)),""),"")} -> 7.75 | D4: {=IFERROR(_xlfn.SWITCH($A4,"Auto",INDEX('Liukuvat yksikkoarvot'!$B$3:$AN$7,MATCH(D$2,'Liukuvat yksikkoarvot'!$A$3:$A$7,0),MATCH($A$2,'Liukuvat yksikkoarvot'!$B$2:$AN$2,0)),"Joukkoliikenne (juna)",INDEX('Liukuvat yksikkoarvot'!$B$10:$AN$12,MATCH(D$2,'Liukuvat yksikkoarvot'!$A$10:$A$12,0),MATCH($A$2,'Liukuvat yksikkoarvot'!$B$9:$AN$9,0)),"Polkupyörä",INDEX('Liukuvat yksikkoarvot'!$B$15:$AN$17,MATCH(D$2,'Liukuvat yksikkoarvot'!$A$15:$A$17,0),MATCH($A$2,'Liukuvat yksikkoarvot'!$B$14:$AN$14,0)),""),"")} -> 31.75 | E4: {=IFERROR(_xlfn.SWITCH($A4,"Auto",INDEX('Liukuvat yksikkoarvot'!$B$3:$AN$7,MATCH(E$2,'Liukuvat yksikkoarvot'!$A$3:$A$7,0),MATCH($A$2,'Liukuvat yksikkoarvot'!$B$2:$AN$2,0)),"Joukkoliikenne (juna)",INDEX('Liukuvat yksikkoarvot'!$B$10:$AN$12,MATCH(E$2,'Liukuvat yksikkoarvot'!$A$10:$A$12,0),MATCH($A$2,'Liukuvat yksikkoarvot'!$B$9:$AN$9,0)),"Polkupyörä",INDEX('Liukuvat yksikkoarvot'!$B$15:$AN$17,MATCH(E$2,'Liukuvat yksikkoarvot'!$A$15:$A$17,0),MATCH($A$2,'Liukuvat yksikkoarvot'!$B$14:$AN$14,0)),""),"")} | F4: {=IFERROR(_xlfn.SWITCH($A4,"Auto",INDEX('Liukuvat yksikkoarvot'!$B$3:$AN$7,MATCH(F$2,'Liukuvat yksikkoarvot'!$A$3:$A$7,0),MATCH($A$2,'Liukuvat yksikkoarvot'!$B$2:$AN$2,0)),"Joukkoliikenne (juna)",INDEX('Liukuvat yksikkoarvot'!$B$10:$AN$12,MATCH(F$2,'Liukuvat yksikkoarvot'!$A$10:$A$12,0),MATCH($A$2,'Liukuvat yksikkoarvot'!$B$9:$AN$9,0)),"Polkupyörä",INDEX('Liukuvat yksikkoarvot'!$B$15:$AN$17,MATCH(F$2,'Liukuvat yksikkoarvot'!$A$15:$A$17,0),MATCH($A$2,'Liukuvat yksikkoarvot'!$B$14:$AN$14,0)),""),"")}
A5: Polkupyörä | B5: {=IFERROR(_xlfn.SWITCH($A5,"Auto",INDEX('Liukuvat yksikkoarvot'!$B$3:$AN$7,MATCH(B$2,'Liukuvat yksikkoarvot'!$A$3:$A$7,0),MATCH($A$2,'Liukuvat yksikkoarvot'!$B$2:$AN$2,0)),"Joukkoliikenne (juna)",INDEX('Liukuvat yksikkoarvot'!$B$10:$AN$12,MATCH(B$2,'Liukuvat yksikkoarvot'!$A$10:$A$12,0),MATCH($A$2,'Liukuvat yksikkoarvot'!$B$9:$AN$9,0)),"Polkupyörä",INDEX('Liukuvat yksikkoarvot'!$B$15:$AN$17,MATCH(B$2,'Liukuvat yksikkoarvot'!$A$15:$A$17,0),MATCH($A$2,'Liukuvat yksikkoarvot'!$B$14:$AN$14,0)),""),"")} -> 19.321552 | C5: {=IFERROR(_xlfn.SWITCH($A5,"Auto",INDEX('Liukuvat yksikkoarvot'!$B$3:$AN$7,MATCH(C$2,'Liukuvat yksikkoarvot'!$A$3:$A$7,0),MATCH($A$2,'Liukuvat yksikkoarvot'!$B$2:$AN$2,0)),"Joukkoliikenne (juna)",INDEX('Liukuvat yksikkoarvot'!$B$10:$AN$12,MATCH(C$2,'Liukuvat yksikkoarvot'!$A$10:$A$12,0),MATCH($A$2,'Liukuvat yksikkoarvot'!$B$9:$AN$9,0)),"Polkupyörä",INDEX('Liukuvat yksikkoarvot'!$B$15:$AN$17,MATCH(C$2,'Liukuvat yksikkoarvot'!$A$15:$A$17,0),MATCH($A$2,'Liukuvat yksikkoarvot'!$B$14:$AN$14,0)),""),"")} -> 19.321552 | D5: {=IFERROR(_xlfn.SWITCH($A5,"Auto",INDEX('Liukuvat yksikkoarvot'!$B$3:$AN$7,MATCH(D$2,'Liukuvat yksikkoarvot'!$A$3:$A$7,0),MATCH($A$2,'Liukuvat yksikkoarvot'!$B$2:$AN$2,0)),"Joukkoliikenne (juna)",INDEX('Liukuvat yksikkoarvot'!$B$10:$AN$12,MATCH(D$2,'Liukuvat yksikkoarvot'!$A$10:$A$12,0),MATCH($A$2,'Liukuvat yksikkoarvot'!$B$9:$AN$9,0)),"Polkupyörä",INDEX('Liukuvat yksikkoarvot'!$B$15:$AN$17,MATCH(D$2,'Liukuvat yksikkoarvot'!$A$15:$A$17,0),MATCH($A$2,'Liukuvat yksikkoarvot'!$B$14:$AN$14,0)),""),"")} -> 19.321552 | E5: {=IFERROR(_xlfn.SWITCH($A5,"Auto",INDEX('Liukuvat yksikkoarvot'!$B$3:$AN$7,MATCH(E$2,'Liukuvat yksikkoarvot'!$A$3:$A$7,0),MATCH($A$2,'Liukuvat yksikkoarvot'!$B$2:$AN$2,0)),"Joukkoliikenne (juna)",INDEX('Liukuvat yksikkoarvot'!$B$10:$AN$12,MATCH(E$2,'Liukuvat yksikkoarvot'!$A$10:$A$12,0),MATCH($A$2,'Liukuvat yksikkoarvot'!$B$9:$AN$9,0)),"Polkupyörä",INDEX('Liukuvat yksikkoarvot'!$B$15:$AN$17,MATCH(E$2,'Liukuvat yksikkoarvot'!$A$15:$A$17,0),MATCH($A$2,'Liukuvat yksikkoarvot'!$B$14:$AN$14,0)),""),"")} | F5: {=IFERROR(_xlfn.SWITCH($A5,"Auto",INDEX('Liukuvat yksikkoarvot'!$B$3:$AN$7,MATCH(F$2,'Liukuvat yksikkoarvot'!$A$3:$A$7,0),MATCH($A$2,'Liukuvat yksikkoarvot'!$B$2:$AN$2,0)),"Joukkoliikenne (juna)",INDEX('Liukuvat yksikkoarvot'!$B$10:$AN$12,MATCH(F$2,'Liukuvat yksikkoarvot'!$A$10:$A$12,0),MATCH($A$2,'Liukuvat yksikkoarvot'!$B$9:$AN$9,0)),"Polkupyörä",INDEX('Liukuvat yksikkoarvot'!$B$15:$AN$17,MATCH(F$2,'Liukuvat yksikkoarvot'!$A$15:$A$17,0),MATCH($A$2,'Liukuvat yksikkoarvot'!$B$14:$AN$14,0)),""),"")} | H5: Uusi arvo 1,16 (Petr, LT23 kiertomatkat) | I5: Uusi arvo 1,399 kiertomatkojen mukaan
A7: =Diskonttaus!B6 -> 2060 | B7: Työssäkäyntimatka | C7: Vapaa-ajan matka | D7: Työasiamatka | E7: Kuorma-auto | F7: Yhdistelmä
A8: Auto | B8: {=IFERROR(_xlfn.SWITCH($A8,"Auto",INDEX('Liukuvat yksikkoarvot'!$B$3:$AN$7,MATCH(B$7,'Liukuvat yksikkoarvot'!$A$3:$A$7,0),MATCH($A$7,'Liukuvat yksikkoarvot'!$B$2:$AN$2,0)),"Joukkoliikenne (juna)",INDEX('Liukuvat yksikkoarvot'!$B$10:$AN$12,MATCH(B$7,'Liukuvat yksikkoarvot'!$A$10:$A$12,0),MATCH($A$7,'Liukuvat yksikkoarvot'!$B$9:$AN$9,0)),"Polkupyörä",INDEX('Liukuvat yksikkoarvot'!$B$15:$AN$17,MATCH(B$7,'Liukuvat yksikkoarvot'!$A$15:$A$17,0),MATCH($A$7,'Liukuvat yksikkoarvot'!$B$14:$AN$14,0)),""),"")} -> 15.6 | C8: {=IFERROR(_xlfn.SWITCH($A8,"Auto",INDEX('Liukuvat yksikkoarvot'!$B$3:$AN$7,MATCH(C$7,'Liukuvat yksikkoarvot'!$A$3:$A$7,0),MATCH($A$7,'Liukuvat yksikkoarvot'!$B$2:$AN$2,0)),"Joukkoliikenne (juna)",INDEX('Liukuvat yksikkoarvot'!$B$10:$AN$12,MATCH(C$7,'Liukuvat yksikkoarvot'!$A$10:$A$12,0),MATCH($A$7,'Liukuvat yksikkoarvot'!$B$9:$AN$9,0)),"Polkupyörä",INDEX('Liukuvat yksikkoarvot'!$B$15:$AN$17,MATCH(C$7,'Liukuvat yksikkoarvot'!$A$15:$A$17,0),MATCH($A$7,'Liukuvat yksikkoarvot'!$B$14:$AN$14,0)),""),"")} -> 10.5 | D8: {=IFERROR(_xlfn.SWITCH($A8,"Auto",INDEX('Liukuvat yksikkoarvot'!$B$3:$AN$7,MATCH(D$7,'Liukuvat yksikkoarvot'!$A$3:$A$7,0),MATCH($A$7,'Liukuvat yksikkoarvot'!$B$2:$AN$2,0)),"Joukkoliikenne (juna)",INDEX('Liukuvat yksikkoarvot'!$B$10:$AN$12,MATCH(D$7,'Liukuvat yksikkoarvot'!$A$10:$A$12,0),MATCH($A$7,'Liukuvat yksikkoarvot'!$B$9:$AN$9,0)),"Polkupyörä",INDEX('Liukuvat yksikkoarvot'!$B$15:$AN$17,MATCH(D$7,'Liukuvat yksikkoarvot'!$A$15:$A$17,0),MATCH($A$7,'Liukuvat yksikkoarvot'!$B$14:$AN$14,0)),""),"")} -> 45.8 | E8: {=IFERROR(_xlfn.SWITCH($A8,"Auto",INDEX('Liukuvat yksikkoarvot'!$B$3:$AN$7,MATCH(E$7,'Liukuvat yksikkoarvot'!$A$3:$A$7,0),MATCH($A$7,'Liukuvat yksikkoarvot'!$B$2:$AN$2,0)),"Joukkoliikenne (juna)",INDEX('Liukuvat yksikkoarvot'!$B$10:$AN$12,MATCH(E$7,'Liukuvat yksikkoarvot'!$A$10:$A$12,0),MATCH($A$7,'Liukuvat yksikkoarvot'!$B$9:$AN$9,0)),"Polkupyörä",INDEX('Liukuvat yksikkoarvot'!$B$15:$AN$17,MATCH(E$7,'Liukuvat yksikkoarvot'!$A$15:$A$17,0),MATCH($A$7,'Liukuvat yksikkoarvot'!$B$14:$AN$14,0)),""),"")} -> 44.18 | F8: {=IFERROR(_xlfn.SWITCH($A8,"Auto",INDEX('Liukuvat yksikkoarvot'!$B$3:$AN$7,MATCH(F$7,'Liukuvat yksikkoarvot'!$A$3:$A$7,0),MATCH($A$7,'Liukuvat yksikkoarvot'!$B$2:$AN$2,0)),"Joukkoliikenne (juna)",INDEX('Liukuvat yksikkoarvot'!$B$10:$AN$12,MATCH(F$7,'Liukuvat yksikkoarvot'!$A$10:$A$12,0),MATCH($A$7,'Liukuvat yksikkoarvot'!$B$9:$AN$9,0)),"Polkupyörä",INDEX('Liukuvat yksikkoarvot'!$B$15:$AN$17,MATCH(F$7,'Liukuvat yksikkoarvot'!$A$15:$A$17,0),MATCH($A$7,'Liukuvat yksikkoarvot'!$B$14:$AN$14,0)),""),"")} -> 73.98
A9: Joukkoliikenne (juna) | B9: {=IFERROR(_xlfn.SWITCH($A9,"Auto",INDEX('Liukuvat yksikkoarvot'!$B$3:$AN$7,MATCH(B$7,'Liukuvat yksikkoarvot'!$A$3:$A$7,0),MATCH($A$7,'Liukuvat yksikkoarvot'!$B$2:$AN$2,0)),"Joukkoliikenne (juna)",INDEX('Liukuvat yksikkoarvot'!$B$10:$AN$12,MATCH(B$7,'Liukuvat yksikkoarvot'!$A$10:$A$12,0),MATCH($A$7,'Liukuvat yksikkoarvot'!$B$9:$AN$9,0)),"Polkupyörä",INDEX('Liukuvat yksikkoarvot'!$B$15:$AN$17,MATCH(B$7,'Liukuvat yksikkoarvot'!$A$15:$A$17,0),MATCH($A$7,'Liukuvat yksikkoarvot'!$B$14:$AN$14,0)),""),"")} -> 12.4 | C9: {=IFERROR(_xlfn.SWITCH($A9,"Auto",INDEX('Liukuvat yksikkoarvot'!$B$3:$AN$7,MATCH(C$7,'Liukuvat yksikkoarvot'!$A$3:$A$7,0),MATCH($A$7,'Liukuvat yksikkoarvot'!$B$2:$AN$2,0)),"Joukkoliikenne (juna)",INDEX('Liukuvat yksikkoarvot'!$B$10:$AN$12,MATCH(C$7,'Liukuvat yksikkoarvot'!$A$10:$A$12,0),MATCH($A$7,'Liukuvat yksikkoarvot'!$B$9:$AN$9,0)),"Polkupyörä",INDEX('Liukuvat yksikkoarvot'!$B$15:$AN$17,MATCH(C$7,'Liukuvat yksikkoarvot'!$A$15:$A$17,0),MATCH($A$7,'Liukuvat yksikkoarvot'!$B$14:$AN$14,0)),""),"")} -> 9.5 | D9: {=IFERROR(_xlfn.SWITCH($A9,"Auto",INDEX('Liukuvat yksikkoarvot'!$B$3:$AN$7,MATCH(D$7,'Liukuvat yksikkoarvot'!$A$3:$A$7,0),MATCH($A$7,'Liukuvat yksikkoarvot'!$B$2:$AN$2,0)),"Joukkoliikenne (juna)",INDEX('Liukuvat yksikkoarvot'!$B$10:$AN$12,MATCH(D$7,'Liukuvat yksikkoarvot'!$A$10:$A$12,0),MATCH($A$7,'Liukuvat yksikkoarvot'!$B$9:$AN$9,0)),"Polkupyörä",INDEX('Liukuvat yksikkoarvot'!$B$15:$AN$17,MATCH(D$7,'Liukuvat yksikkoarvot'!$A$15:$A$17,0),MATCH($A$7,'Liukuvat yksikkoarvot'!$B$14:$AN$14,0)),""),"")} -> 38.9 | E9: {=IFERROR(_xlfn.SWITCH($A9,"Auto",INDEX('Liukuvat yksikkoarvot'!$B$3:$AN$7,MATCH(E$7,'Liukuvat yksikkoarvot'!$A$3:$A$7,0),MATCH($A$7,'Liukuvat yksikkoarvot'!$B$2:$AN$2,0)),"Joukkoliikenne (juna)",INDEX('Liukuvat yksikkoarvot'!$B$10:$AN$12,MATCH(E$7,'Liukuvat yksikkoarvot'!$A$10:$A$12,0),MATCH($A$7,'Liukuvat yksikkoarvot'!$B$9:$AN$9,0)),"Polkupyörä",INDEX('Liukuvat yksikkoarvot'!$B$15:$AN$17,MATCH(E$7,'Liukuvat yksikkoarvot'!$A$15:$A$17,0),MATCH($A$7,'Liukuvat yksikkoarvot'!$B$14:$AN$14,0)),""),"")} | F9: {=IFERROR(_xlfn.SWITCH($A9,"Auto",INDEX('Liukuvat yksikkoarvot'!$B$3:$AN$7,MATCH(F$7,'Liukuvat yksikkoarvot'!$A$3:$A$7,0),MATCH($A$7,'Liukuvat yksikkoarvot'!$B$2:$AN$2,0)),"Joukkoliikenne (juna)",INDEX('Liukuvat yksikkoarvot'!$B$10:$AN$12,MATCH(F$7,'Liukuvat yksikkoarvot'!$A$10:$A$12,0),MATCH($A$7,'Liukuvat yksikkoarvot'!$B$9:$AN$9,0)),"Polkupyörä",INDEX('Liukuvat yksikkoarvot'!$B$15:$AN$17,MATCH(F$7,'Liukuvat yksikkoarvot'!$A$15:$A$17,0),MATCH($A$7,'Liukuvat yksikkoarvot'!$B$14:$AN$14,0)),""),"")}
A10: Polkupyörä | B10: {=IFERROR(_xlfn.SWITCH($A10,"Auto",INDEX('Liukuvat yksikkoarvot'!$B$3:$AN$7,MATCH(B$7,'Liukuvat yksikkoarvot'!$A$3:$A$7,0),MATCH($A$7,'Liukuvat yksikkoarvot'!$B$2:$AN$2,0)),"Joukkoliikenne (juna)",INDEX('Liukuvat yksikkoarvot'!$B$10:$AN$12,MATCH(B$7,'Liukuvat yksikkoarvot'!$A$10:$A$12,0),MATCH($A$7,'Liukuvat yksikkoarvot'!$B$9:$AN$9,0)),"Polkupyörä",INDEX('Liukuvat yksikkoarvot'!$B$15:$AN$17,MATCH(B$7,'Liukuvat yksikkoarvot'!$A$15:$A$17,0),MATCH($A$7,'Liukuvat yksikkoarvot'!$B$14:$AN$14,0)),""),"")} -> 23.801884 | C10: {=IFERROR(_xlfn.SWITCH($A10,"Auto",INDEX('Liukuvat yksikkoarvot'!$B$3:$AN$7,MATCH(C$7,'Liukuvat yksikkoarvot'!$A$3:$A$7,0),MATCH($A$7,'Liukuvat yksikkoarvot'!$B$2:$AN$2,0)),"Joukkoliikenne (juna)",INDEX('Liukuvat yksikkoarvot'!$B$10:$AN$12,MATCH(C$7,'Liukuvat yksikkoarvot'!$A$10:$A$12,0),MATCH($A$7,'Liukuvat yksikkoarvot'!$B$9:$AN$9,0)),"Polkupyörä",INDEX('Liukuvat yksikkoarvot'!$B$15:$AN$17,MATCH(C$7,'Liukuvat yksikkoarvot'!$A$15:$A$17,0),MATCH($A$7,'Liukuvat yksikkoarvot'!$B$14:$AN$14,0)),""),"")} -> 23.801884 | D10: {=IFERROR(_xlfn.SWITCH($A10,"Auto",INDEX('Liukuvat yksikkoarvot'!$B$3:$AN$7,MATCH(D$7,'Liukuvat yksikkoarvot'!$A$3:$A$7,0),MATCH($A$7,'Liukuvat yksikkoarvot'!$B$2:$AN$2,0)),"Joukkoliikenne (juna)",INDEX('Liukuvat yksikkoarvot'!$B$10:$AN$12,MATCH(D$7,'Liukuvat yksikkoarvot'!$A$10:$A$12,0),MATCH($A$7,'Liukuvat yksikkoarvot'!$B$9:$AN$9,0)),"Polkupyörä",INDEX('Liukuvat yksikkoarvot'!$B$15:$AN$17,MATCH(D$7,'Liukuvat yksikkoarvot'!$A$15:$A$17,0),MATCH($A$7,'Liukuvat yksikkoarvot'!$B$14:$AN$14,0)),""),"")} -> 23.801884 | E10: {=IFERROR(_xlfn.SWITCH($A10,"Auto",INDEX('Liukuvat yksikkoarvot'!$B$3:$AN$7,MATCH(E$7,'Liukuvat yksikkoarvot'!$A$3:$A$7,0),MATCH($A$7,'Liukuvat yksikkoarvot'!$B$2:$AN$2,0)),"Joukkoliikenne (juna)",INDEX('Liukuvat yksikkoarvot'!$B$10:$AN$12,MATCH(E$7,'Liukuvat yksikkoarvot'!$A$10:$A$12,0),MATCH($A$7,'Liukuvat yksikkoarvot'!$B$9:$AN$9,0)),"Polkupyörä",INDEX('Liukuvat yksikkoarvot'!$B$15:$AN$17,MATCH(E$7,'Liukuvat yksikkoarvot'!$A$15:$A$17,0),MATCH($A$7,'Liukuvat yksikkoarvot'!$B$14:$AN$14,0)),""),"")} | F10: {=IFERROR(_xlfn.SWITCH($A10,"Auto",INDEX('Liukuvat yksikkoarvot'!$B$3:$AN$7,MATCH(F$7,'Liukuvat yksikkoarvot'!$A$3:$A$7,0),MATCH($A$7,'Liukuvat yksikkoarvot'!$B$2:$AN$2,0)),"Joukkoliikenne (juna)",INDEX('Liukuvat yksikkoarvot'!$B$10:$AN$12,MATCH(F$7,'Liukuvat yksikkoarvot'!$A$10:$A$12,0),MATCH($A$7,'Liukuvat yksikkoarvot'!$B$9:$AN$9,0)),"Polkupyörä",INDEX('Liukuvat yksikkoarvot'!$B$15:$AN$17,MATCH(F$7,'Liukuvat yksikkoarvot'!$A$15:$A$17,0),MATCH($A$7,'Liukuvat yksikkoarvot'!$B$14:$AN$14,0)),""),"")}
A12: Aikasäästöt
B13: =Diskonttaus!B4 -> 2045 | C13: Henkilöauto työ | D13: Henkilöauto vapaa-aika | E13: Joukkoliikenne työ | F13: Joukkoliikenne vapaa-aika | G13: Pyöräliikenne työ | H13: Pyöräliikenne vapaa-aika | I13: Kuorma-auto | J13: Yhdistelmä | K13: Pakettiauto | M13: Summa
B14: Vanhat matkustajat | C14: =-ha_tyo!F9*B3*H3 -> 0 | D14: =-ha_muu!F9*C3*I3 -> 0 | E14: =-jl_tyo!F9*B4 -> 0 | F14: =-jl_muu!F9*C4 -> 0 | G14: =-pp_tyo!F9*B5 -> 0 | H14: =-pp_muu!F9*C5 -> 0 | I14: =-ka!F9*E3 -> 0 | J14: =-yhd!F9*F3 -> 0 | K14: =-pa!F9*D3 -> 0 | M14: =SUM(C14:L14) -> 0
B15: Uudet matkustajat | C15: =-ha_tyo!F10*B3*H3 -> 0 | D15: =-ha_muu!F10*C3*I3 -> 0 | E15: =-jl_tyo!F10*B4 -> 0 | F15: =-jl_muu!F10*C4 -> 0 | G15: =-pp_tyo!F10*B5 -> 0 | H15: =-pp_muu!F10*C5 -> 0 | I15: =-ka!F10*E3 -> 0 | J15: =-yhd!F10*F3 -> 0 | K15: =-pa!F10*D3 -> 0 | M15: =SUM(C15:L15) -> 0
B16: Summa | C16: =SUM(C14:C15) -> 0 | D16: =SUM(D14:D15) -> 0 | E16: =SUM(E14:E15) -> 0 | F16: =SUM(F14:F15) -> 0 | G16: =SUM(G14:G15) -> 0 | H16: =SUM(H14:H15) -> 0 | I16: =SUM(I14:I15) -> 0 | J16: =SUM(J14:J15) -> 0 | K16: =SUM(K14:K15) -> 0 | M16: =SUM(C16:L16) -> 0
B18: =Diskonttaus!B6 -> 2060 | C18: Henkilöauto työ | D18: Henkilöauto vapaa-aika | E18: Joukkoliikenne työ | F18: Joukkoliikenne vapaa-aika | G18: Pyöräliikenne työ | H18: Pyöräliikenne vapaa-aika | I18: Kuorma-auto | J18: Yhdistelmä | K18: Pakettiauto | M18: Summa
B19: Vanhat matkustajat | C19: =-ha_tyo!F14*B3*H3 -> 0 | D19: =-ha_muu!F14*C3*I3 -> 0 | E19: =-jl_tyo!F14*B4 -> 0 | F19: =-jl_muu!F14*C4 -> 0 | G19: =-pp_tyo!F14*B5 -> 0 | H19: =-pp_muu!F14*C5 -> 0 | I19: =-ka!F14*E3 -> 0 | J19: =-yhd!F14*F3 -> 0 | K19: =-pa!F14*D3 -> 0 | M19: =SUM(C19:L19) -> 0
B20: Uudet matkustajat | C20: =-ha_tyo!F15*B3*H3 -> 0 | D20: =-ha_muu!F15*C3*I3 -> 0 | E20: =-jl_tyo!F15*B4 -> 0 | F20: =-jl_muu!F15*C4 -> 0 | G20: =-pp_tyo!F15*B5 -> 0 | H20: =-pp_muu!F15*C5 -> 0 | I20: =-ka!F15*E3 -> 0 | J20: =-yhd!F15*F3 -> 0 | K20: =-pa!F15*D3 -> 0 | M20: =SUM(C20:L20) -> 0
B21: Summa | C21: =SUM(C19:C20) -> 0 | D21: =SUM(D19:D20) -> 0 | E21: =SUM(E19:E20) -> 0 | F21: =SUM(F19:F20) -> 0 | G21: =SUM(G19:G20) -> 0 | H21: =SUM(H19:H20) -> 0 | I21: =SUM(I19:I20) -> 0 | J21: =SUM(J19:J20) -> 0 | K21: =SUM(K19:K20) -> 0 | M21: =SUM(C21:L21) -> 0
B23: Summa nykyarvo | M23: =IF(ISNUMBER(Diskonttaus!B20),Diskonttaus!B19*Kayttajahyodyt!M16+Diskonttaus!B20*Kayttajahyodyt!M21,Diskonttaus!B19*Kayttajahyodyt!M16) -> 0
A25: Ajoneuvokustannussäästöt
B26: =Diskonttaus!B4 -> 2045 | C26: Henkilöauto työ | D26: Henkilöauto vapaa-aika | I26: Kuorma-auto | J26: Yhdistelmä | K26: Pakettiauto | M26: Summa
B27: Vanhat matkustajat | C27: =-E62*ha_tyo!F22 -> 0 | D27: =-E62*ha_muu!F22 -> 0 | I27: =-E65*ka!F22 -> 0 | J27: =-E66*yhd!F22 -> 0 | K27: =-E63*pa!F22 -> 0 | M27: =SUM(C27:L27) -> 0
B28: Uudet matkustajat | C28: =-E62*ha_tyo!F23 -> 0 | D28: =-E62*ha_muu!F23 -> 0 | I28: =-E65*ka!F23 -> 0 | J28: =-E66*yhd!F23 -> 0 | K28: =-E63*pa!F23 -> 0 | M28: =SUM(C28:L28) -> 0
B29: Summa | C29: =SUM(C27:C28) -> 0 | D29: =SUM(D27:D28) -> 0 | I29: =SUM(I27:I28) -> 0 | J29: =SUM(J27:J28) -> 0 | K29: =SUM(K27:K28) -> 0 | M29: =SUM(C29:L29) -> 0
B31: =Diskonttaus!B6 -> 2060 | C31: Henkilöauto työ | D31: Henkilöauto vapaa-aika | I31: Kuorma-auto | J31: Yhdistelmä | K31: Pakettiauto | M31: Summa
B32: Vanhat matkustajat | C32: =-E62*ha_tyo!F27 -> 0 | D32: =-E62*ha_muu!F27 -> 0 | I32: =-E65*ka!F27 -> 0 | J32: =-E66*yhd!F27 -> 0 | K32: =-E63*pa!F27 -> 0 | M32: =SUM(C32:L32) -> 0
B33: Uudet matkustajat | C33: =-E62*ha_tyo!F28 -> 0 | D33: =-E62*ha_muu!F28 -> 0 | I33: =-E65*ka!F28 -> 0 | J33: =-E66*yhd!F28 -> 0 | K33: =-E63*pa!F28 -> 0 | M33: =SUM(C33:L33) -> 0
B34: Summa | C34: =SUM(C32:C33) -> 0 | D34: =SUM(D32:D33) -> 0 | I34: =SUM(I32:I33) -> 0 | J34: =SUM(J32:J33) -> 0 | K34: =SUM(K32:K33) -> 0 | M34: =SUM(C34:L34) -> 0
B36: Summa nykyarvo | M36: =IF(ISNUMBER(Diskonttaus!B27),Diskonttaus!B26*Kayttajahyodyt!M29+Diskonttaus!B27*Kayttajahyodyt!M34,Diskonttaus!B26*Kayttajahyodyt!M29) -> 0
A40: Tiemaksut ja lippumenot
B41: =Diskonttaus!B4 -> 2045 | C41: Henkilöauto työ | D41: Henkilöauto vapaa-aika | E41: Joukkoliikenne työ | F41: Joukkoliikenne vapaa-aika | I41: Kuorma-auto | J41: Yhdistelmä | K41: Pakettiauto | M41: Summa
B42: Vanhat matkustajat | C42: =-ha_tyo!F37 -> 0 | D42: =-ha_muu!F37 -> 0 | E42: =-jl_tyo!F37 -> 0 | F42: =-jl_muu!F37 -> 0 | I42: =-ka!F37 -> 0 | J42: =-yhd!F37 -> 0 | K42: =-pa!F37 -> 0 | M42: =SUM(C42:L42) -> 0
B43: Uudet matkustajat | C43: =-ha_tyo!F38 -> 0 | D43: =-ha_muu!F38 -> 0 | E43: =-jl_tyo!F38 -> 0 | F43: =-jl_muu!F38 -> 0 | I43: =-ka!F38 -> 0 | J43: =-yhd!F38 -> 0 | K43: =-pa!F38 -> 0 | M43: =SUM(C43:L43) -> 0
B44: Summa | C44: =SUM(C42:C43) -> 0 | D44: =SUM(D42:D43) -> 0 | E44: =SUM(E42:E43) -> 0 | F44: =SUM(F42:F43) -> 0 | I44: =SUM(I42:I43) -> 0 | J44: =SUM(J42:J43) -> 0 | K44: =SUM(K42:K43) -> 0 | M44: =SUM(C44:L44) -> 0
B46: =Diskonttaus!B6 -> 2060 | C46: Henkilöauto työ | D46: Henkilöauto vapaa-aika | E46: Joukkoliikenne työ | F46: Joukkoliikenne vapaa-aika | I46: Kuorma-auto | J46: Yhdistelmä | K46: Pakettiauto | M46: Summa
B47: Vanhat matkustajat | C47: =-ha_tyo!F42 -> 0 | D47: =-ha_muu!F42 -> 0 | E47: =-jl_tyo!F42 -> 0 | F47: =-jl_muu!F42 -> 0 | I47: =-ka!F42 -> 0 | J47: =-yhd!G42 -> 0 | K47: =-pa!F42 -> 0 | M47: =SUM(C47:L47) -> 0
B48: Uudet matkustajat | C48: =-ha_tyo!F43 -> 0 | D48: =-ha_muu!F43 -> 0 | E48: =-jl_tyo!F43 -> 0 | F48: =-jl_muu!F43 -> 0 | I48: =-ka!F43 -> 0 | J48: =-yhd!G43 -> 0 | K48: =-pa!F43 -> 0 | M48: =SUM(C48:L48) -> 0
B49: Summa | C49: =SUM(C47:C48) -> 0 | D49: =SUM(D47:D48) -> 0 | E49: =SUM(E47:E48) -> 0 | F49: =SUM(F47:F48) -> 0 | I49: =SUM(I47:I48) -> 0 | J49: =SUM(J47:J48) -> 0 | K49: =SUM(K47:K48) -> 0 | M49: =SUM(C49:L49) -> 0
B51: Summa nykyarvo | M51: =IF(ISNUMBER(Diskonttaus!B27),Diskonttaus!B26*Kayttajahyodyt!M44+Diskonttaus!B27*Kayttajahyodyt!M49,Diskonttaus!B26*Kayttajahyodyt!M44) -> 0
B58: Ajoneuvokustannus: Taustataulukot / verot
B59: Lähde: Väylävirasto yksikköarvot
A61: =Diskonttaus!B4 -> 2045 | B61: Euroa / km | C61: Veroton | D61: Vero | E61: Yhteensä
B62: Henkilöauto | C62: =IFERROR(INDEX('Liukuvat yksikkoarvot'!$B$21:$AN$35,MATCH($B62&"/"&C$61,'Liukuvat yksikkoarvot'!$A$21:$A$35,0),MATCH($A$61,'Liukuvat yksikkoarvot'!$B$20:$AN$20,0)),"") -> 0.0825 | D62: =IFERROR(INDEX('Liukuvat yksikkoarvot'!$B$21:$AN$35,MATCH($B62&"/"&D$61,'Liukuvat yksikkoarvot'!$A$21:$A$35,0),MATCH($A$61,'Liukuvat yksikkoarvot'!$B$20:$AN$20,0)),"") -> 0.03 | E62: =SUM(C62:D62) -> 0.1125
B63: Pakettiauto | C63: =IFERROR(INDEX('Liukuvat yksikkoarvot'!$B$21:$AN$35,MATCH($B63&"/"&C$61,'Liukuvat yksikkoarvot'!$A$21:$A$35,0),MATCH($A$61,'Liukuvat yksikkoarvot'!$B$20:$AN$20,0)),"") -> 0.0975 | D63: =IFERROR(INDEX('Liukuvat yksikkoarvot'!$B$21:$AN$35,MATCH($B63&"/"&D$61,'Liukuvat yksikkoarvot'!$A$21:$A$35,0),MATCH($A$61,'Liukuvat yksikkoarvot'!$B$20:$AN$20,0)),"") -> 0.027 | E63: =IFERROR(INDEX('Liukuvat yksikkoarvot'!$B$21:$AN$35,MATCH($B63&"/"&E$61,'Liukuvat yksikkoarvot'!$A$21:$A$35,0),MATCH($A$61,'Liukuvat yksikkoarvot'!$B$20:$AN$20,0)),"") -> 0.1245
B64: Linja-auto | C64: =IFERROR(INDEX('Liukuvat yksikkoarvot'!$B$21:$AN$35,MATCH($B64&"/"&C$61,'Liukuvat yksikkoarvot'!$A$21:$A$35,0),MATCH($A$61,'Liukuvat yksikkoarvot'!$B$20:$AN$20,0)),"") -> 0.6065 | D64: =IFERROR(INDEX('Liukuvat yksikkoarvot'!$B$21:$AN$35,MATCH($B64&"/"&D$61,'Liukuvat yksikkoarvot'!$A$21:$A$35,0),MATCH($A$61,'Liukuvat yksikkoarvot'!$B$20:$AN$20,0)),"") -> 0.0635 | E64: =IFERROR(INDEX('Liukuvat yksikkoarvot'!$B$21:$AN$35,MATCH($B64&"/"&E$61,'Liukuvat yksikkoarvot'!$A$21:$A$35,0),MATCH($A$61,'Liukuvat yksikkoarvot'!$B$20:$AN$20,0)),"") -> 0.67
B65: Kuorma-auto | C65: =IFERROR(INDEX('Liukuvat yksikkoarvot'!$B$21:$AN$35,MATCH($B65&"/"&C$61,'Liukuvat yksikkoarvot'!$A$21:$A$35,0),MATCH($A$61,'Liukuvat yksikkoarvot'!$B$20:$AN$20,0)),"") -> 0.7125 | D65: =IFERROR(INDEX('Liukuvat yksikkoarvot'!$B$21:$AN$35,MATCH($B65&"/"&D$61,'Liukuvat yksikkoarvot'!$A$21:$A$35,0),MATCH($A$61,'Liukuvat yksikkoarvot'!$B$20:$AN$20,0)),"") -> 0.124 | E65: =IFERROR(INDEX('Liukuvat yksikkoarvot'!$B$21:$AN$35,MATCH($B65&"/"&E$61,'Liukuvat yksikkoarvot'!$A$21:$A$35,0),MATCH($A$61,'Liukuvat yksikkoarvot'!$B$20:$AN$20,0)),"") -> 0.8365
B66: Ajoneuvoyhdistelmä | C66: =IFERROR(INDEX('Liukuvat yksikkoarvot'!$B$21:$AN$35,MATCH($B66&"/"&C$61,'Liukuvat yksikkoarvot'!$A$21:$A$35,0),MATCH($A$61,'Liukuvat yksikkoarvot'!$B$20:$AN$20,0)),"") -> 0.684 | D66: =IFERROR(INDEX('Liukuvat yksikkoarvot'!$B$21:$AN$35,MATCH($B66&"/"&D$61,'Liukuvat yksikkoarvot'!$A$21:$A$35,0),MATCH($A$61,'Liukuvat yksikkoarvot'!$B$20:$AN$20,0)),"") -> 0.1075 | E66: =IFERROR(INDEX('Liukuvat yksikkoarvot'!$B$21:$AN$35,MATCH($B66&"/"&E$61,'Liukuvat yksikkoarvot'!$A$21:$A$35,0),MATCH($A$61,'Liukuvat yksikkoarvot'!$B$20:$AN$20,0)),"") -> 0.7915
A68: =Diskonttaus!B6 -> 2060 | B68: Euroa / km | C68: Veroton | D68: Vero | E68: Yhteensä
B69: Henkilöauto | C69: =IFERROR(INDEX('Liukuvat yksikkoarvot'!$B$21:$AN$35,MATCH($B69&"/"&C$68,'Liukuvat yksikkoarvot'!$A$21:$A$35,0),MATCH($A$68,'Liukuvat yksikkoarvot'!$B$20:$AN$20,0)),"") -> 0.076 | D69: =IFERROR(INDEX('Liukuvat yksikkoarvot'!$B$21:$AN$35,MATCH($B69&"/"&D$68,'Liukuvat yksikkoarvot'!$A$21:$A$35,0),MATCH($A$68,'Liukuvat yksikkoarvot'!$B$20:$AN$20,0)),"") -> 0.024 | E69: =IFERROR(INDEX('Liukuvat yksikkoarvot'!$B$21:$AN$35,MATCH($B69&"/"&E$68,'Liukuvat yksikkoarvot'!$A$21:$A$35,0),MATCH($A$68,'Liukuvat yksikkoarvot'!$B$20:$AN$20,0)),"") -> 0.1
B70: Pakettiauto | C70: =IFERROR(INDEX('Liukuvat yksikkoarvot'!$B$21:$AN$35,MATCH($B70&"/"&C$68,'Liukuvat yksikkoarvot'!$A$21:$A$35,0),MATCH($A$68,'Liukuvat yksikkoarvot'!$B$20:$AN$20,0)),"") -> 0.079 | D70: =IFERROR(INDEX('Liukuvat yksikkoarvot'!$B$21:$AN$35,MATCH($B70&"/"&D$68,'Liukuvat yksikkoarvot'!$A$21:$A$35,0),MATCH($A$68,'Liukuvat yksikkoarvot'!$B$20:$AN$20,0)),"") -> 0.017 | E70: =IFERROR(INDEX('Liukuvat yksikkoarvot'!$B$21:$AN$35,MATCH($B70&"/"&E$68,'Liukuvat yksikkoarvot'!$A$21:$A$35,0),MATCH($A$68,'Liukuvat yksikkoarvot'!$B$20:$AN$20,0)),"") -> 0.096
B71: Linja-auto | C71: =IFERROR(INDEX('Liukuvat yksikkoarvot'!$B$21:$AN$35,MATCH($B71&"/"&C$68,'Liukuvat yksikkoarvot'!$A$21:$A$35,0),MATCH($A$68,'Liukuvat yksikkoarvot'!$B$20:$AN$20,0)),"") -> 0.685 | D71: =IFERROR(INDEX('Liukuvat yksikkoarvot'!$B$21:$AN$35,MATCH($B71&"/"&D$68,'Liukuvat yksikkoarvot'!$A$21:$A$35,0),MATCH($A$68,'Liukuvat yksikkoarvot'!$B$20:$AN$20,0)),"") -> 0.045 | E71: =IFERROR(INDEX('Liukuvat yksikkoarvot'!$B$21:$AN$35,MATCH($B71&"/"&E$68,'Liukuvat yksikkoarvot'!$A$21:$A$35,0),MATCH($A$68,'Liukuvat yksikkoarvot'!$B$20:$AN$20,0)),"") -> 0.73
B72: Kuorma-auto | C72: =IFERROR(INDEX('Liukuvat yksikkoarvot'!$B$21:$AN$35,MATCH($B72&"/"&C$68,'Liukuvat yksikkoarvot'!$A$21:$A$35,0),MATCH($A$68,'Liukuvat yksikkoarvot'!$B$20:$AN$20,0)),"") -> 0.636 | D72: =IFERROR(INDEX('Liukuvat yksikkoarvot'!$B$21:$AN$35,MATCH($B72&"/"&D$68,'Liukuvat yksikkoarvot'!$A$21:$A$35,0),MATCH($A$68,'Liukuvat yksikkoarvot'!$B$20:$AN$20,0)),"") -> 0.071 | E72: =IFERROR(INDEX('Liukuvat yksikkoarvot'!$B$21:$AN$35,MATCH($B72&"/"&E$68,'Liukuvat yksikkoarvot'!$A$21:$A$35,0),MATCH($A$68,'Liukuvat yksikkoarvot'!$B$20:$AN$20,0)),"") -> 0.707
B73: Ajoneuvoyhdistelmä | C73: =IFERROR(INDEX('Liukuvat yksikkoarvot'!$B$21:$AN$35,MATCH($B73&"/"&C$68,'Liukuvat yksikkoarvot'!$A$21:$A$35,0),MATCH($A$68,'Liukuvat yksikkoarvot'!$B$20:$AN$20,0)),"") -> 0.649 | D73: =IFERROR(INDEX('Liukuvat yksikkoarvot'!$B$21:$AN$35,MATCH($B73&"/"&D$68,'Liukuvat yksikkoarvot'!$A$21:$A$35,0),MATCH($A$68,'Liukuvat yksikkoarvot'!$B$20:$AN$20,0)),"") -> 0.064 | E73: =IFERROR(INDEX('Liukuvat yksikkoarvot'!$B$21:$AN$35,MATCH($B73&"/"&E$68,'Liukuvat yksikkoarvot'!$A$21:$A$35,0),MATCH($A$68,'Liukuvat yksikkoarvot'!$B$20:$AN$20,0)),"") -> 0.713
B76: Suoritemuutos | C76: =Diskonttaus!B4 -> 2045 | H76: Kustannus vero | I76: =Diskonttaus!B4 -> 2045 | N76: Kustannus veroton | O76: =Diskonttaus!B4 -> 2045
B77: Henkilöauto | C77: =300*Ulkoisvaikutukset!O19 -> 0 | H77: Henkilöauto | I77: =$D62*C77 -> 0 | N77: Henkilöauto | O77: =$C62*C77 -> 0
B78: Pakettiauto | C78: =300*(Ulkoisvaikutukset!O20) -> 0 | H78: Pakettiauto | I78: =$D63*C78 -> 0 | N78: Pakettiauto | O78: =$C63*C78 -> 0
B79: Linja-auto | C79: =300*Ulkoisvaikutukset!O15 -> 0 | H79: Linja-auto | I79: =$D64*C79 -> 0 | N79: Linja-auto | O79: =$C64*C79 -> 0
B80: Kuorma-auto | C80: =300*Ulkoisvaikutukset!O21 -> 0 | H80: Kuorma-auto | I80: =$D65*C80 -> 0 | N80: Kuorma-auto | O80: =$C65*C80 -> 0
B81: Ajoneuvoyhdistelmä | C81: =300*Ulkoisvaikutukset!O22 -> 0 | H81: Ajoneuvoyhdistelmä | I81: =$D66*C81 -> 0 | N81: Ajoneuvoyhdistelmä | O81: =$C66*C81 -> 0
H82: Yhteensä | I82: =SUM(I77:I81) -> 0 | N82: Yhteensä | O82: =SUM(O77:O81) -> 0
B83: Suoritemuutos | C83: =Diskonttaus!B6 -> 2060 | H83: Kustannus vero | I83: =Diskonttaus!B6 -> 2060 | N83: Kustannus veroton | O83: =Diskonttaus!B6 -> 2060
B84: Henkilöauto | C84: =300*Ulkoisvaikutukset!O33 -> 0 | H84: Henkilöauto | I84: =$D62*C84 -> 0 | N84: Henkilöauto | O84: =$C62*C84 -> 0
B85: Pakettiauto | C85: =300*Ulkoisvaikutukset!O34 -> 0 | H85: Pakettiauto | I85: =$D63*C85 -> 0 | N85: Pakettiauto | O85: =$C63*C85 -> 0
B86: Linja-auto | C86: =300*Ulkoisvaikutukset!O29 -> 0 | H86: Linja-auto | I86: =$D64*C86 -> 0 | N86: Linja-auto | O86: =$C64*C86 -> 0
B87: Kuorma-auto | C87: =300*Ulkoisvaikutukset!O35 -> 0 | H87: Kuorma-auto | I87: =$D65*C87 -> 0 | N87: Kuorma-auto | O87: =$C65*C87 -> 0
B88: Ajoneuvoyhdistelmä | C88: =300*Ulkoisvaikutukset!O36 -> 0 | H88: Ajoneuvoyhdistelmä | I88: =$D66*C88 -> 0 | N88: Ajoneuvoyhdistelmä | O88: =$C66*C88 -> 0
H89: Yhteensä | I89: =SUM(I84:I88) -> 0 | N89: Yhteensä | O89: =SUM(O84:O88) -> 0

Sheet ha_tyo
A1: Henkilöauto | B1: työmatkat
B2: Jakson (6-9, 9-15, 15-18) tuntiosuudet
B3: AHT | C3: päivä | D3: IHT
B4: 0.42491089 | C4: 0.09290388 | D4: 0.40171095
A6: Matka-aika [min]
A8: =Diskonttaus!B4 -> 2045 | B8: AHT | C8: päivä | D8: IHT | E8: Yht | F8: Vuositasolla
A9: Vanhat matkustajat | E9: =B9/B$4+C9/C$4+D9/D$4 -> 0 | F9: =E9/60*Diskonttaus!$B$11 -> 0
A10: Uudet matkustajat | E10: =B10/B$4+C10/C$4+D10/D$4 -> 0 | F10: =E10/60*Diskonttaus!$B$11 -> 0
A11: Summa | B11: =B9+B10 -> 0 | C11: =C9+C10 -> 0 | D11: =D9+D10 -> 0 | E11: =B11/B$4+C11/C$4+D11/D$4 -> 0 | F11: =E11/60*Diskonttaus!$B$11 -> 0
A13: =Diskonttaus!B6 -> 2060 | B13: AHT | C13: päivä | D13: IHT | E13: Yht | F13: Vuositasolla
A14: Vanhat matkustajat | E14: =B14/B$4+C14/C$4+D14/D$4 -> 0 | F14: =E14/60*Diskonttaus!$B$11 -> 0
A15: Uudet matkustajat | E15: =B15/B$4+C15/C$4+D15/D$4 -> 0 | F15: =E15/60*Diskonttaus!$B$11 -> 0
A16: Summa | B16: =B14+B15 -> 0 | C16: =C14+C15 -> 0 | D16: =D14+D15 -> 0 | E16: =B16/B$4+C16/C$4+D16/D$4 -> 0 | F16: =E16/60*Diskonttaus!$B$11 -> 0
A19: Etäisyys [km]
A21: =Diskonttaus!B4 -> 2045 | B21: AHT | C21: päivä | D21: IHT | E21: Yht | F21: Vuositasolla
A22: Vanhat matkustajat | E22: =B22/B$4+C22/C$4+D22/D$4 -> 0 | F22: =E22*Diskonttaus!$B$11 -> 0
A23: Uudet matkustajat | E23: =B23/B$4+C23/C$4+D23/D$4 -> 0 | F23: =E23*Diskonttaus!$B$11 -> 0
A24: Summa | B24: =B22+B23 -> 0 | C24: =C22+C23 -> 0 | D24: =D22+D23 -> 0 | E24: =B24/B$4+C24/C$4+D24/D$4 -> 0 | F24: =E24*Diskonttaus!$B$11 -> 0
A26: =Diskonttaus!B6 -> 2060 | B26: AHT | C26: päivä | D26: IHT | E26: Yht | F26: Vuositasolla
A27: Vanhat matkustajat | E27: =B27/B$4+C27/C$4+D27/D$4 -> 0 | F27: =E27*Diskonttaus!$B$11 -> 0
A28: Uudet matkustajat | E28: =B28/B$4+C28/C$4+D28/D$4 -> 0 | F28: =E28*Diskonttaus!$B$11 -> 0
A29: Summa | B29: =B27+B28 -> 0 | C29: =C27+C28 -> 0 | D29: =D27+D28 -> 0 | E29: =B29/B$4+C29/C$4+D29/D$4 -> 0 | F29: =E29*Diskonttaus!$B$11 -> 0
A34: Maksut [eur]
A36: 2030 | B36: AHT | C36: päivä | D36: IHT | E36: Yht | F36: Vuositasolla
A37: Vanhat matkustajat | E37: =B37/B$4+C37/C$4+D37/D$4 -> 0 | F37: =E37*Diskonttaus!$B$11 -> 0
A38: Uudet matkustajat | E38: =B38/B$4+C38/C$4+D38/D$4 -> 0 | F38: =E38*Diskonttaus!$B$11 -> 0
A39: Summa | B39: =B37+B38 -> 0 | C39: =C37+C38 -> 0 | D39: =D37+D38 -> 0 | E39: =B39/B$4+C39/C$4+D39/D$4 -> 0 | F39: =E39*Diskonttaus!$B$11 -> 0
A41: 2050 | B41: AHT | C41: päivä | D41: IHT | E41: Yht | F41: Vuositasolla
A42: Vanhat matkustajat | E42: =B42/B$4+C42/C$4+D42/D$4 -> 0 | F42: =E42*Diskonttaus!$B$11 -> 0
A43: Uudet matkustajat | E43: =B43/B$4+C43/C$4+D43/D$4 -> 0 | F43: =E43*Diskonttaus!$B$11 -> 0
A44: Summa | B44: =B42+B43 -> 0 | C44: =C42+C43 -> 0 | D44: =D42+D43 -> 0 | E44: =B44/B$4+C44/C$4+D44/D$4 -> 0 | F44: =E44*Diskonttaus!$B$11 -> 0

Sheet ha_muu
A1: Henkilöauto | B1: vapaa-aika
B2: Jakson (6-9, 9-15, 15-18) tuntiosuudet
B3: AHT | C3: päivä | D3: IHT
B4: 0.50581191 | C4: 0.095982139 | D4: 0.38355689
A6: Matka-aika [min]
A8: =Diskonttaus!B4 -> 2045 | B8: AHT | C8: päivä | D8: IHT | E8: Yht | F8: Vuositasolla
A9: Vanhat matkustajat | E9: =B9/B$4+C9/C$4+D9/D$4 -> 0 | F9: =E9/60*Diskonttaus!$B$11 -> 0
A10: Uudet matkustajat | E10: =B10/B$4+C10/C$4+D10/D$4 -> 0 | F10: =E10/60*Diskonttaus!$B$11 -> 0
A11: Summa | B11: =B9+B10 -> 0 | C11: =C9+C10 -> 0 | D11: =D9+D10 -> 0 | E11: =B11/B$4+C11/C$4+D11/D$4 -> 0 | F11: =E11/60*Diskonttaus!$B$11 -> 0
A13: =Diskonttaus!B6 -> 2060 | B13: AHT | C13: päivä | D13: IHT | E13: Yht | F13: Vuositasolla
A14: Vanhat matkustajat | E14: =B14/B$4+C14/C$4+D14/D$4 -> 0 | F14: =E14/60*Diskonttaus!$B$11 -> 0
A15: Uudet matkustajat | E15: =B15/B$4+C15/C$4+D15/D$4 -> 0 | F15: =E15/60*Diskonttaus!$B$11 -> 0
A16: Summa | B16: =B14+B15 -> 0 | C16: =C14+C15 -> 0 | D16: =D14+D15 -> 0 | E16: =B16/B$4+C16/C$4+D16/D$4 -> 0 | F16: =E16/60*Diskonttaus!$B$11 -> 0
A19: Etäisyys [km]
A21: =Diskonttaus!B4 -> 2045 | B21: AHT | C21: päivä | D21: IHT | E21: Yht | F21: Vuositasolla
A22: Vanhat matkustajat | E22: =B22/B$4+C22/C$4+D22/D$4 -> 0 | F22: =E22*Diskonttaus!$B$11 -> 0
A23: Uudet matkustajat | E23: =B23/B$4+C23/C$4+D23/D$4 -> 0 | F23: =E23*Diskonttaus!$B$11 -> 0
A24: Summa | B24: =B22+B23 -> 0 | C24: =C22+C23 -> 0 | D24: =D22+D23 -> 0 | E24: =B24/B$4+C24/C$4+D24/D$4 -> 0 | F24: =E24*Diskonttaus!$B$11 -> 0
A26: =Diskonttaus!B6 -> 2060 | B26: AHT | C26: päivä | D26: IHT | E26: Yht | F26: Vuositasolla
A27: Vanhat matkustajat | E27: =B27/B$4+C27/C$4+D27/D$4 -> 0 | F27: =E27*Diskonttaus!$B$11 -> 0
A28: Uudet matkustajat | E28: =B28/B$4+C28/C$4+D28/D$4 -> 0 | F28: =E28*Diskonttaus!$B$11 -> 0
A29: Summa | B29: =B27+B28 -> 0 | C29: =C27+C28 -> 0 | D29: =D27+D28 -> 0 | E29: =B29/B$4+C29/C$4+D29/D$4 -> 0 | F29: =E29*Diskonttaus!$B$11 -> 0
A34: Maksut [eur]
A36: 2030 | B36: AHT | C36: päivä | D36: IHT | E36: Yht | F36: Vuositasolla
A37: Vanhat matkustajat | E37: =B37/B$4+C37/C$4+D37/D$4 -> 0 | F37: =E37*Diskonttaus!$B$11 -> 0
A38: Uudet matkustajat | E38: =B38/B$4+C38/C$4+D38/D$4 -> 0 | F38: =E38*Diskonttaus!$B$11 -> 0
A39: Summa | B39: =B37+B38 -> 0 | C39: =C37+C38 -> 0 | D39: =D37+D38 -> 0 | E39: =B39/B$4+C39/C$4+D39/D$4 -> 0 | F39: =E39*Diskonttaus!$B$11 -> 0
A41: 2050 | B41: AHT | C41: päivä | D41: IHT | E41: Yht | F41: Vuositasolla
A42: Vanhat matkustajat | E42: =B42/B$4+C42/C$4+D42/D$4 -> 0 | F42: =E42*Diskonttaus!$B$11 -> 0
A43: Uudet matkustajat | E43: =B43/B$4+C43/C$4+D43/D$4 -> 0 | F43: =E43*Diskonttaus!$B$11 -> 0
A44: Summa | B44: =B42+B43 -> 0 | C44: =C42+C43 -> 0 | D44: =D42+D43 -> 0 | E44: =B44/B$4+C44/C$4+D44/D$4 -> 0 | F44: =E44*Diskonttaus!$B$11 -> 0

Sheet jl_tyo
A1: Joukkoliikenne | B1: työmatkat
B2: Jakson (6-9, 9-15, 15-18) tuntiosuudet
B3: AHT | C3: päivä | D3: IHT
B4: 0.53342736 | C4: 0.11082732 | D4: 0.41412923
A6: Matka-aika [min]
A8: =Diskonttaus!B4 -> 2045 | B8: AHT | C8: päivä | D8: IHT | E8: Yht | F8: Vuositasolla
A9: Vanhat matkustajat | E9: =B9/B$4+C9/C$4+D9/D$4 -> 0 | F9: =E9/60*Diskonttaus!$B$11 -> 0
A10: Uudet matkustajat | E10: =B10/B$4+C10/C$4+D10/D$4 -> 0 | F10: =E10/60*Diskonttaus!$B$11 -> 0
A11: Summa | B11: =B9+B10 -> 0 | C11: =C9+C10 -> 0 | D11: =D9+D10 -> 0 | E11: =B11/B$4+C11/C$4+D11/D$4 -> 0 | F11: =E11/60*Diskonttaus!$B$11 -> 0
A13: =Diskonttaus!B6 -> 2060 | B13: AHT | C13: päivä | D13: IHT | E13: Yht | F13: Vuositasolla
A14: Vanhat matkustajat | E14: =B14/B$4+C14/C$4+D14/D$4 -> 0 | F14: =E14/60*Diskonttaus!$B$11 -> 0
A15: Uudet matkustajat | E15: =B15/B$4+C15/C$4+D15/D$4 -> 0 | F15: =E15/60*Diskonttaus!$B$11 -> 0
A16: Summa | B16: =B14+B15 -> 0 | C16: =C14+C15 -> 0 | D16: =D14+D15 -> 0 | E16: =B16/B$4+C16/C$4+D16/D$4 -> 0 | F16: =E16/60*Diskonttaus!$B$11 -> 0
A19: Etäisyys [km]
A21: =Diskonttaus!B4 -> 2045 | B21: AHT | C21: päivä | D21: IHT | E21: Yht | F21: Vuositasolla
A22: Vanhat matkustajat | E22: =B22/B$4+C22/C$4+D22/D$4 -> 0 | F22: =E22*Diskonttaus!$B$11 -> 0
A23: Uudet matkustajat | E23: =B23/B$4+C23/C$4+D23/D$4 -> 0 | F23: =E23*Diskonttaus!$B$11 -> 0
A24: Summa | B24: =B22+B23 -> 0 | C24: =C22+C23 -> 0 | D24: =D22+D23 -> 0 | E24: =B24/B$4+C24/C$4+D24/D$4 -> 0 | F24: =E24*Diskonttaus!$B$11 -> 0
A26: =Diskonttaus!B6 -> 2060 | B26: AHT | C26: päivä | D26: IHT | E26: Yht | F26: Vuositasolla
A27: Vanhat matkustajat | E27: =B27/B$4+C27/C$4+D27/D$4 -> 0 | F27: =E27*Diskonttaus!$B$11 -> 0
A28: Uudet matkustajat | E28: =B28/B$4+C28/C$4+D28/D$4 -> 0 | F28: =E28*Diskonttaus!$B$11 -> 0
A29: Summa | B29: =B27+B28 -> 0 | C29: =C27+C28 -> 0 | D29: =D27+D28 -> 0 | E29: =B29/B$4+C29/C$4+D29/D$4 -> 0 | F29: =E29*Diskonttaus!$B$11 -> 0
A34: Maksut [eur]
A36: 2030 | B36: AHT | C36: päivä | D36: IHT | E36: Yht | F36: Vuositasolla
A37: Vanhat matkustajat | E37: =B37/B$4+C37/C$4+D37/D$4 -> 0 | F37: =E37*Diskonttaus!$B$11 -> 0
A38: Uudet matkustajat | E38: =B38/B$4+C38/C$4+D38/D$4 -> 0 | F38: =E38*Diskonttaus!$B$11 -> 0
A39: Summa | B39: =B37+B38 -> 0 | C39: =C37+C38 -> 0 | D39: =D37+D38 -> 0 | E39: =B39/B$4+C39/C$4+D39/D$4 -> 0 | F39: =E39*Diskonttaus!$B$11 -> 0
A41: 2050 | B41: AHT | C41: päivä | D41: IHT | E41: Yht | F41: Vuositasolla
A42: Vanhat matkustajat | E42: =B42/B$4+C42/C$4+D42/D$4 -> 0 | F42: =E42*Diskonttaus!$B$11 -> 0
A43: Uudet matkustajat | E43: =B43/B$4+C43/C$4+D43/D$4 -> 0 | F43: =E43*Diskonttaus!$B$11 -> 0
A44: Summa | B44: =B42+B43 -> 0 | C44: =C42+C43 -> 0 | D44: =D42+D43 -> 0 | E44: =B44/B$4+C44/C$4+D44/D$4 -> 0 | F44: =E44*Diskonttaus!$B$11 -> 0

Sheet jl_muu
A1: Joukkoliikenne | B1: vapaa-aika
B2: Jakson (6-9, 9-15, 15-18) tuntiosuudet
B3: AHT | C3: päivä | D3: IHT
B4: 0.6114786 | C4: 0.10778753 | D4: 0.40031292
A6: Matka-aika [min]
A8: =Diskonttaus!B4 -> 2045 | B8: AHT | C8: päivä | D8: IHT | E8: Yht | F8: Vuositasolla
A9: Vanhat matkustajat | E9: =B9/B$4+C9/C$4+D9/D$4 -> 0 | F9: =E9/60*Diskonttaus!$B$11 -> 0
A10: Uudet matkustajat | E10: =B10/B$4+C10/C$4+D10/D$4 -> 0 | F10: =E10/60*Diskonttaus!$B$11 -> 0
A11: Summa | B11: =B9+B10 -> 0 | C11: =C9+C10 -> 0 | D11: =D9+D10 -> 0 | E11: =B11/B$4+C11/C$4+D11/D$4 -> 0 | F11: =E11/60*Diskonttaus!$B$11 -> 0
A13: =Diskonttaus!B6 -> 2060 | B13: AHT | C13: päivä | D13: IHT | E13: Yht | F13: Vuositasolla
A14: Vanhat matkustajat | E14: =B14/B$4+C14/C$4+D14/D$4 -> 0 | F14: =E14/60*Diskonttaus!$B$11 -> 0
A15: Uudet matkustajat | E15: =B15/B$4+C15/C$4+D15/D$4 -> 0 | F15: =E15/60*Diskonttaus!$B$11 -> 0
A16: Summa | B16: =B14+B15 -> 0 | C16: =C14+C15 -> 0 | D16: =D14+D15 -> 0 | E16: =B16/B$4+C16/C$4+D16/D$4 -> 0 | F16: =E16/60*Diskonttaus!$B$11 -> 0
A19: Etäisyys [km]
A21: =Diskonttaus!B4 -> 2045 | B21: AHT | C21: päivä | D21: IHT | E21: Yht | F21: Vuositasolla
A22: Vanhat matkustajat | E22: =B22/B$4+C22/C$4+D22/D$4 -> 0 | F22: =E22*Diskonttaus!$B$11 -> 0
A23: Uudet matkustajat | E23: =B23/B$4+C23/C$4+D23/D$4 -> 0 | F23: =E23*Diskonttaus!$B$11 -> 0
A24: Summa | B24: =B22+B23 -> 0 | C24: =C22+C23 -> 0 | D24: =D22+D23 -> 0 | E24: =B24/B$4+C24/C$4+D24/D$4 -> 0 | F24: =E24*Diskonttaus!$B$11 -> 0
A26: =Diskonttaus!B6 -> 2060 | B26: AHT | C26: päivä | D26: IHT | E26: Yht | F26: Vuositasolla
A27: Vanhat matkustajat | E27: =B27/B$4+C27/C$4+D27/D$4 -> 0 | F27: =E27*Diskonttaus!$B$11 -> 0
A28: Uudet matkustajat | E28: =B28/B$4+C28/C$4+D28/D$4 -> 0 | F28: =E28*Diskonttaus!$B$11 -> 0
A29: Summa | B29: =B27+B28 -> 0 | C29: =C27+C28 -> 0 | D29: =D27+D28 -> 0 | E29: =B29/B$4+C29/C$4+D29/D$4 -> 0 | F29: =E29*Diskonttaus!$B$11 -> 0
A34: Maksut [eur]
A36: 2030 | B36: AHT | C36: päivä | D36: IHT | E36: Yht | F36: Vuositasolla
A37: Vanhat matkustajat | E37: =B37/B$4+C37/C$4+D37/D$4 -> 0 | F37: =E37*Diskonttaus!$B$11 -> 0
A38: Uudet matkustajat | E38: =B38/B$4+C38/C$4+D38/D$4 -> 0 | F38: =E38*Diskonttaus!$B$11 -> 0
A39: Summa | B39: =B37+B38 -> 0 | C39: =C37+C38 -> 0 | D39: =D37+D38 -> 0 | E39: =B39/B$4+C39/C$4+D39/D$4 -> 0 | F39: =E39*Diskonttaus!$B$11 -> 0
A41: 2050 | B41: AHT | C41: päivä | D41: IHT | E41: Yht | F41: Vuositasolla
A42: Vanhat matkustajat | E42: =B42/B$4+C42/C$4+D42/D$4 -> 0 | F42: =E42*Diskonttaus!$B$11 -> 0
A43: Uudet matkustajat | E43: =B43/B$4+C43/C$4+D43/D$4 -> 0 | F43: =E43*Diskonttaus!$B$11 -> 0
A44: Summa | B44: =B42+B43 -> 0 | C44: =C42+C43 -> 0 | D44: =D42+D43 -> 0 | E44: =B44/B$4+C44/C$4+D44/D$4 -> 0 | F44: =E44*Diskonttaus!$B$11 -> 0

Sheet pp_tyo
A1: Polkupyörä | B1: työmatkat
B2: Jakson (6-9, 9-15, 15-18) tuntiosuudet
B3: AHT | C3: päivä | D3: IHT
B4: 0.62831936 | C4: 0.13760095 | D4: 0.52022101
A6: Matka-aika [min]
A8: =Diskonttaus!B4 -> 2045 | B8: AHT | C8: päivä | D8: IHT | E8: Yht | F8: Vuositasolla
A9: Vanhat matkustajat | E9: =B9/B$4+C9/C$4+D9/D$4 -> 0 | F9: =E9/60*Diskonttaus!$B$11 -> 0
A10: Uudet matkustajat | E10: =B10/B$4+C10/C$4+D10/D$4 -> 0 | F10: =E10/60*Diskonttaus!$B$11 -> 0
A11: Summa | B11: =B9+B10 -> 0 | C11: =C9+C10 -> 0 | D11: =D9+D10 -> 0 | E11: =B11/B$4+C11/C$4+D11/D$4 -> 0 | F11: =E11/60*Diskonttaus!$B$11 -> 0
A13: =Diskonttaus!B6 -> 2060 | B13: AHT | C13: päivä | D13: IHT | E13: Yht | F13: Vuositasolla
A14: Vanhat matkustajat | E14: =B14/B$4+C14/C$4+D14/D$4 -> 0 | F14: =E14/60*Diskonttaus!$B$11 -> 0
A15: Uudet matkustajat | E15: =B15/B$4+C15/C$4+D15/D$4 -> 0 | F15: =E15/60*Diskonttaus!$B$11 -> 0
A16: Summa | B16: =B14+B15 -> 0 | C16: =C14+C15 -> 0 | D16: =D14+D15 -> 0 | E16: =B16/B$4+C16/C$4+D16/D$4 -> 0 | F16: =E16/60*Diskonttaus!$B$11 -> 0
A19: Etäisyys [km]
A21: =Diskonttaus!B4 -> 2045 | B21: AHT | C21: päivä | D21: IHT | E21: Yht | F21: Vuositasolla
A22: Vanhat matkustajat | E22: =B22/B$4+C22/C$4+D22/D$4 -> 0 | F22: =E22*Diskonttaus!$B$11 -> 0
A23: Uudet matkustajat | E23: =B23/B$4+C23/C$4+D23/D$4 -> 0 | F23: =E23*Diskonttaus!$B$11 -> 0
A24: Summa | B24: =B22+B23 -> 0 | C24: =C22+C23 -> 0 | D24: =D22+D23 -> 0 | E24: =B24/B$4+C24/C$4+D24/D$4 -> 0 | F24: =E24*Diskonttaus!$B$11 -> 0
A26: =Diskonttaus!B6 -> 2060 | B26: AHT | C26: päivä | D26: IHT | E26: Yht | F26: Vuositasolla
A27: Vanhat matkustajat | E27: =B27/B$4+C27/C$4+D27/D$4 -> 0 | F27: =E27*Diskonttaus!$B$11 -> 0
A28: Uudet matkustajat | E28: =B28/B$4+C28/C$4+D28/D$4 -> 0 | F28: =E28*Diskonttaus!$B$11 -> 0
A29: Summa | B29: =B27+B28 -> 0 | C29: =C27+C28 -> 0 | D29: =D27+D28 -> 0 | E29: =B29/B$4+C29/C$4+D29/D$4 -> 0 | F29: =E29*Diskonttaus!$B$11 -> 0
A34: Maksut [eur]
A36: 2030 | B36: AHT | C36: päivä | D36: IHT | E36: Yht | F36: Vuositasolla
A37: Vanhat matkustajat | E37: =B37/B$4+C37/C$4+D37/D$4 -> 0 | F37: =E37*Diskonttaus!$B$11 -> 0
A38: Uudet matkustajat | E38: =B38/B$4+C38/C$4+D38/D$4 -> 0 | F38: =E38*Diskonttaus!$B$11 -> 0
A39: Summa | B39: =B37+B38 -> 0 | C39: =C37+C38 -> 0 | D39: =D37+D38 -> 0 | E39: =B39/B$4+C39/C$4+D39/D$4 -> 0 | F39: =E39*Diskonttaus!$B$11 -> 0
A41: 2050 | B41: AHT | C41: päivä | D41: IHT | E41: Yht | F41: Vuositasolla
A42: Vanhat matkustajat | E42: =B42/B$4+C42/C$4+D42/D$4 -> 0 | F42: =E42*Diskonttaus!$B$11 -> 0
A43: Uudet matkustajat | E43: =B43/B$4+C43/C$4+D43/D$4 -> 0 | F43: =E43*Diskonttaus!$B$11 -> 0
A44: Summa | B44: =B42+B43 -> 0 | C44: =C42+C43 -> 0 | D44: =D42+D43 -> 0 | E44: =B44/B$4+C44/C$4+D44/D$4 -> 0 | F44: =E44*Diskonttaus!$B$11 -> 0

Sheet pp_muu
A1: Polkupyörä | B1: vapaa-aika
B2: Jakson (6-9, 9-15, 15-18) tuntiosuudet
B3: AHT | C3: päivä | D3: IHT
B4: 0.62175079 | C4: 0.086630591 | D4: 0.36799379
A6: Matka-aika [min]
A8: =Diskonttaus!B4 -> 2045 | B8: AHT | C8: päivä | D8: IHT | E8: Yht | F8: Vuositasolla
A9: Vanhat matkustajat | E9: =B9/B$4+C9/C$4+D9/D$4 -> 0 | F9: =E9/60*Diskonttaus!$B$11 -> 0
A10: Uudet matkustajat | E10: =B10/B$4+C10/C$4+D10/D$4 -> 0 | F10: =E10/60*Diskonttaus!$B$11 -> 0
A11: Summa | B11: =B9+B10 -> 0 | C11: =C9+C10 -> 0 | D11: =D9+D10 -> 0 | E11: =B11/B$4+C11/C$4+D11/D$4 -> 0 | F11: =E11/60*Diskonttaus!$B$11 -> 0
A13: =Diskonttaus!B6 -> 2060 | B13: AHT | C13: päivä | D13: IHT | E13: Yht | F13: Vuositasolla
A14: Vanhat matkustajat | E14: =B14/B$4+C14/C$4+D14/D$4 -> 0 | F14: =E14/60*Diskonttaus!$B$11 -> 0
A15: Uudet matkustajat | E15: =B15/B$4+C15/C$4+D15/D$4 -> 0 | F15: =E15/60*Diskonttaus!$B$11 -> 0
A16: Summa | B16: =B14+B15 -> 0 | C16: =C14+C15 -> 0 | D16: =D14+D15 -> 0 | E16: =B16/B$4+C16/C$4+D16/D$4 -> 0 | F16: =E16/60*Diskonttaus!$B$11 -> 0
A19: Etäisyys [km]
A21: =Diskonttaus!B4 -> 2045 | B21: AHT | C21: päivä | D21: IHT | E21: Yht | F21: Vuositasolla
A22: Vanhat matkustajat | E22: =B22/B$4+C22/C$4+D22/D$4 -> 0 | F22: =E22*Diskonttaus!$B$11 -> 0
A23: Uudet matkustajat | E23: =B23/B$4+C23/C$4+D23/D$4 -> 0 | F23: =E23*Diskonttaus!$B$11 -> 0
A24: Summa | B24: =B22+B23 -> 0 | C24: =C22+C23 -> 0 | D24: =D22+D23 -> 0 | E24: =B24/B$4+C24/C$4+D24/D$4 -> 0 | F24: =E24*Diskonttaus!$B$11 -> 0
A26: =Diskonttaus!B6 -> 2060 | B26: AHT | C26: päivä | D26: IHT | E26: Yht | F26: Vuositasolla
A27: Vanhat matkustajat | E27: =B27/B$4+C27/C$4+D27/D$4 -> 0 | F27: =E27*Diskonttaus!$B$11 -> 0
A28: Uudet matkustajat | E28: =B28/B$4+C28/C$4+D28/D$4 -> 0 | F28: =E28*Diskonttaus!$B$11 -> 0
A29: Summa | B29: =B27+B28 -> 0 | C29: =C27+C28 -> 0 | D29: =D27+D28 -> 0 | E29: =B29/B$4+C29/C$4+D29/D$4 -> 0 | F29: =E29*Diskonttaus!$B$11 -> 0
A34: Maksut [eur]
A36: 2030 | B36: AHT | C36: päivä | D36: IHT | E36: Yht | F36: Vuositasolla
A37: Vanhat matkustajat | E37: =B37/B$4+C37/C$4+D37/D$4 -> 0 | F37: =E37*Diskonttaus!$B$11 -> 0
A38: Uudet matkustajat | E38: =B38/B$4+C38/C$4+D38/D$4 -> 0 | F38: =E38*Diskonttaus!$B$11 -> 0
A39: Summa | B39: =B37+B38 -> 0 | C39: =C37+C38 -> 0 | D39: =D37+D38 -> 0 | E39: =B39/B$4+C39/C$4+D39/D$4 -> 0 | F39: =E39*Diskonttaus!$B$11 -> 0
A41: 2050 | B41: AHT | C41: päivä | D41: IHT | E41: Yht | F41: Vuositasolla
A42: Vanhat matkustajat | E42: =B42/B$4+C42/C$4+D42/D$4 -> 0 | F42: =E42*Diskonttaus!$B$11 -> 0
A43: Uudet matkustajat | E43: =B43/B$4+C43/C$4+D43/D$4 -> 0 | F43: =E43*Diskonttaus!$B$11 -> 0
A44: Summa | B44: =B42+B43 -> 0 | C44: =C42+C43 -> 0 | D44: =D42+D43 -> 0 | E44: =B44/B$4+C44/C$4+D44/D$4 -> 0 | F44: =E44*Diskonttaus!$B$11 -> 0

Sheet ka
A1: Kuorma-autot
B2: Jakson (6-9, 9-15, 15-18) tuntiosuudet
B3: AHT | C3: päivä | D3: IHT
B4: 0.3 | C4: 0.1 | D4: 0.3
A6: Matka-aika [min]
A8: =Diskonttaus!B4 -> 2045 | B8: AHT | C8: päivä | D8: IHT | E8: Yht | F8: Vuositasolla
A9: Vanhat matkustajat | E9: =B9/B$4+C9/C$4+D9/D$4 -> 0 | F9: =E9/60*Diskonttaus!$B$11 -> 0
A10: Uudet matkustajat | E10: =B10/B$4+C10/C$4+D10/D$4 -> 0 | F10: =E10/60*Diskonttaus!$B$11 -> 0
A11: Summa | B11: =B9+B10 -> 0 | C11: =C9+C10 -> 0 | D11: =D9+D10 -> 0 | E11: =B11/B$4+C11/C$4+D11/D$4 -> 0 | F11: =E11/60*Diskonttaus!$B$11 -> 0
A13: =Diskonttaus!B6 -> 2060 | B13: AHT | C13: päivä | D13: IHT | E13: Yht | F13: Vuositasolla
A14: Vanhat matkustajat | E14: =B14/B$4+C14/C$4+D14/D$4 -> 0 | F14: =E14/60*Diskonttaus!$B$11 -> 0
A15: Uudet matkustajat | E15: =B15/B$4+C15/C$4+D15/D$4 -> 0 | F15: =E15/60*Diskonttaus!$B$11 -> 0
A16: Summa | B16: =B14+B15 -> 0 | C16: =C14+C15 -> 0 | D16: =D14+D15 -> 0 | E16: =B16/B$4+C16/C$4+D16/D$4 -> 0 | F16: =E16/60*Diskonttaus!$B$11 -> 0
A19: Etäisyys [km]
A21: =Diskonttaus!B4 -> 2045 | B21: AHT | C21: päivä | D21: IHT | E21: Yht | F21: Vuositasolla
A22: Vanhat matkustajat | E22: =B22/B$4+C22/C$4+D22/D$4 -> 0 | F22: =E22*Diskonttaus!$B$11 -> 0
A23: Uudet matkustajat | E23: =B23/B$4+C23/C$4+D23/D$4 -> 0 | F23: =E23*Diskonttaus!$B$11 -> 0
A24: Summa | B24: =B22+B23 -> 0 | C24: =C22+C23 -> 0 | D24: =D22+D23 -> 0 | E24: =B24/B$4+C24/C$4+D24/D$4 -> 0 | F24: =E24*Diskonttaus!$B$11 -> 0
A26: =Diskonttaus!B6 -> 2060 | B26: AHT | C26: päivä | D26: IHT | E26: Yht | F26: Vuositasolla
A27: Vanhat matkustajat | E27: =B27/B$4+C27/C$4+D27/D$4 -> 0 | F27: =E27*Diskonttaus!$B$11 -> 0
A28: Uudet matkustajat | E28: =B28/B$4+C28/C$4+D28/D$4 -> 0 | F28: =E28*Diskonttaus!$B$11 -> 0
A29: Summa | B29: =B27+B28 -> 0 | C29: =C27+C28 -> 0 | D29: =D27+D28 -> 0 | E29: =B29/B$4+C29/C$4+D29/D$4 -> 0 | F29: =E29*Diskonttaus!$B$11 -> 0
A34: Maksut [eur]
A36: 2030 | B36: AHT | C36: päivä | D36: IHT | E36: Yht | F36: Vuositasolla
A37: Vanhat matkustajat | E37: =B37/B$4+C37/C$4+D37/D$4 -> 0 | F37: =E37*Diskonttaus!$B$11 -> 0
A38: Uudet matkustajat | E38: =B38/B$4+C38/C$4+D38/D$4 -> 0 | F38: =E38*Diskonttaus!$B$11 -> 0
A39: Summa | B39: =B37+B38 -> 0 | C39: =C37+C38 -> 0 | D39: =D37+D38 -> 0 | E39: =B39/B$4+C39/C$4+D39/D$4 -> 0 | F39: =E39*Diskonttaus!$B$11 -> 0
A41: 2050 | B41: AHT | C41: päivä | D41: IHT | E41: Yht | F41: Vuositasolla
A42: Vanhat matkustajat | E42: =B42/B$4+C42/C$4+D42/D$4 -> 0 | F42: =E42*Diskonttaus!$B$11 -> 0
A43: Uudet matkustajat | E43: =B43/B$4+C43/C$4+D43/D$4 -> 0 | F43: =E43*Diskonttaus!$B$11 -> 0
A44: Summa | B44: =B42+B43 -> 0 | C44: =C42+C43 -> 0 | D44: =D42+D43 -> 0 | E44: =B44/B$4+C44/C$4+D44/D$4 -> 0 | F44: =E44*Diskonttaus!$B$11 -> 0

Sheet yhd
A1: Kuorma-autot
B2: Jakson (6-9, 9-15, 15-18) tuntiosuudet
B3: AHT | C3: päivä | D3: IHT
B4: 0.3 | C4: 0.1 | D4: 0.3
A6: Matka-aika [min]
A8: =Diskonttaus!B4 -> 2045 | B8: AHT | C8: päivä | D8: IHT | E8: Yht | F8: Vuositasolla
A9: Vanhat matkustajat | E9: =B9/B$4+C9/C$4+D9/D$4 -> 0 | F9: =E9/60*Diskonttaus!$B$11 -> 0
A10: Uudet matkustajat | E10: =B10/B$4+C10/C$4+D10/D$4 -> 0 | F10: =E10/60*Diskonttaus!$B$11 -> 0
A11: Summa | B11: =B9+B10 -> 0 | C11: =C9+C10 -> 0 | D11: =D9+D10 -> 0 | E11: =B11/B$4+C11/C$4+D11/D$4 -> 0 | F11: =E11/60*Diskonttaus!$B$11 -> 0
A13: =Diskonttaus!B6 -> 2060 | B13: AHT | C13: päivä | D13: IHT | E13: Yht | F13: Vuositasolla
A14: Vanhat matkustajat | E14: =B14/B$4+C14/C$4+D14/D$4 -> 0 | F14: =E14/60*Diskonttaus!$B$11 -> 0
A15: Uudet matkustajat | E15: =B15/B$4+C15/C$4+D15/D$4 -> 0 | F15: =E15/60*Diskonttaus!$B$11 -> 0
A16: Summa | B16: =B14+B15 -> 0 | C16: =C14+C15 -> 0 | D16: =D14+D15 -> 0 | E16: =B16/B$4+C16/C$4+D16/D$4 -> 0 | F16: =E16/60*Diskonttaus!$B$11 -> 0
A19: Etäisyys [km]
A21: =Diskonttaus!B4 -> 2045 | B21: AHT | C21: päivä | D21: IHT | E21: Yht | F21: Vuositasolla
A22: Vanhat matkustajat | E22: =B22/B$4+C22/C$4+D22/D$4 -> 0 | F22: =E22*Diskonttaus!$B$11 -> 0
A23: Uudet matkustajat | E23: =B23/B$4+C23/C$4+D23/D$4 -> 0 | F23: =E23*Diskonttaus!$B$11 -> 0
A24: Summa | B24: =B22+B23 -> 0 | C24: =C22+C23 -> 0 | D24: =D22+D23 -> 0 | E24: =B24/B$4+C24/C$4+D24/D$4 -> 0 | F24: =E24*Diskonttaus!$B$11 -> 0
A26: =Diskonttaus!B6 -> 2060 | B26: AHT | C26: päivä | D26: IHT | E26: Yht | F26: Vuositasolla
A27: Vanhat matkustajat | E27: =B27/B$4+C27/C$4+D27/D$4 -> 0 | F27: =E27*Diskonttaus!$B$11 -> 0
A28: Uudet matkustajat | E28: =B28/B$4+C28/C$4+D28/D$4 -> 0 | F28: =E28*Diskonttaus!$B$11 -> 0
A29: Summa | B29: =B27+B28 -> 0 | C29: =C27+C28 -> 0 | D29: =D27+D28 -> 0 | E29: =B29/B$4+C29/C$4+D29/D$4 -> 0 | F29: =E29*Diskonttaus!$B$11 -> 0
A34: Maksut [eur]
A36: 2030 | B36: AHT | C36: päivä | D36: IHT | E36: Yht | F36: Vuositasolla
A37: Vanhat matkustajat | E37: =B37/B$4+C37/C$4+D37/D$4 -> 0 | F37: =E37*Diskonttaus!$B$11 -> 0
A38: Uudet matkustajat | E38: =B38/B$4+C38/C$4+D38/D$4 -> 0 | F38: =E38*Diskonttaus!$B$11 -> 0
A39: Summa | B39: =B37+B38 -> 0 | C39: =C37+C38 -> 0 | D39: =D37+D38 -> 0 | E39: =B39/B$4+C39/C$4+D39/D$4 -> 0 | F39: =E39*Diskonttaus!$B$11 -> 0
A41: 2050 | B41: AHT | C41: päivä | D41: IHT | E41: Yht | F41: Vuositasolla
A42: Vanhat matkustajat | E42: =B42/B$4+C42/C$4+D42/D$4 -> 0 | F42: =E42*Diskonttaus!$B$11 -> 0
A43: Uudet matkustajat | E43: =B43/B$4+C43/C$4+D43/D$4 -> 0 | F43: =E43*Diskonttaus!$B$11 -> 0
A44: Summa | B44: =B42+B43 -> 0 | C44: =C42+C43 -> 0 | D44: =D42+D43 -> 0 | E44: =B44/B$4+C44/C$4+D44/D$4 -> 0 | F44: =E44*Diskonttaus!$B$11 -> 0

Sheet pa
A1: Pakettiautot
B2: Jakson (6-9, 9-15, 15-18) tuntiosuudet
B3: AHT | C3: päivä | D3: IHT
B4: 0.3 | C4: 0.1 | D4: 0.3
A6: Matka-aika [min]
A8: =Diskonttaus!B4 -> 2045 | B8: AHT | C8: päivä | D8: IHT | E8: Yht | F8: Vuositasolla
A9: Vanhat matkustajat | E9: =B9/B$4+C9/C$4+D9/D$4 -> 0 | F9: =E9/60*Diskonttaus!$B$11 -> 0
A10: Uudet matkustajat | E10: =B10/B$4+C10/C$4+D10/D$4 -> 0 | F10: =E10/60*Diskonttaus!$B$11 -> 0
A11: Summa | B11: =B9+B10 -> 0 | C11: =C9+C10 -> 0 | D11: =D9+D10 -> 0 | E11: =B11/B$4+C11/C$4+D11/D$4 -> 0 | F11: =E11/60*Diskonttaus!$B$11 -> 0
A13: =Diskonttaus!B6 -> 2060 | B13: AHT | C13: päivä | D13: IHT | E13: Yht | F13: Vuositasolla
A14: Vanhat matkustajat | E14: =B14/B$4+C14/C$4+D14/D$4 -> 0 | F14: =E14/60*Diskonttaus!$B$11 -> 0
A15: Uudet matkustajat | E15: =B15/B$4+C15/C$4+D15/D$4 -> 0 | F15: =E15/60*Diskonttaus!$B$11 -> 0
A16: Summa | B16: =B14+B15 -> 0 | C16: =C14+C15 -> 0 | D16: =D14+D15 -> 0 | E16: =B16/B$4+C16/C$4+D16/D$4 -> 0 | F16: =E16/60*Diskonttaus!$B$11 -> 0
A19: Etäisyys [km]
A21: =Diskonttaus!B4 -> 2045 | B21: AHT | C21: päivä | D21: IHT | E21: Yht | F21: Vuositasolla
A22: Vanhat matkustajat | E22: =B22/B$4+C22/C$4+D22/D$4 -> 0 | F22: =E22*Diskonttaus!$B$11 -> 0
A23: Uudet matkustajat | E23: =B23/B$4+C23/C$4+D23/D$4 -> 0 | F23: =E23*Diskonttaus!$B$11 -> 0
A24: Summa | B24: =B22+B23 -> 0 | C24: =C22+C23 -> 0 | D24: =D22+D23 -> 0 | E24: =B24/B$4+C24/C$4+D24/D$4 -> 0 | F24: =E24*Diskonttaus!$B$11 -> 0
A26: =Diskonttaus!B6 -> 2060 | B26: AHT | C26: päivä | D26: IHT | E26: Yht | F26: Vuositasolla
A27: Vanhat matkustajat | E27: =B27/B$4+C27/C$4+D27/D$4 -> 0 | F27: =E27*Diskonttaus!$B$11 -> 0
A28: Uudet matkustajat | E28: =B28/B$4+C28/C$4+D28/D$4 -> 0 | F28: =E28*Diskonttaus!$B$11 -> 0
A29: Summa | B29: =B27+B28 -> 0 | C29: =C27+C28 -> 0 | D29: =D27+D28 -> 0 | E29: =B29/B$4+C29/C$4+D29/D$4 -> 0 | F29: =E29*Diskonttaus!$B$11 -> 0
A34: Maksut [eur]
A36: 2030 | B36: AHT | C36: päivä | D36: IHT | E36: Yht | F36: Vuositasolla
A37: Vanhat matkustajat | E37: =B37/B$4+C37/C$4+D37/D$4 -> 0 | F37: =E37*Diskonttaus!$B$11 -> 0
A38: Uudet matkustajat | E38: =B38/B$4+C38/C$4+D38/D$4 -> 0 | F38: =E38*Diskonttaus!$B$11 -> 0
A39: Summa | B39: =B37+B38 -> 0 | C39: =C37+C38 -> 0 | D39: =D37+D38 -> 0 | E39: =B39/B$4+C39/C$4+D39/D$4 -> 0 | F39: =E39*Diskonttaus!$B$11 -> 0
A41: 2050 | B41: AHT | C41: päivä | D41: IHT | E41: Yht | F41: Vuositasolla
A42: Vanhat matkustajat | E42: =B42/B$4+C42/C$4+D42/D$4 -> 0 | F42: =E42*Diskonttaus!$B$11 -> 0
A43: Uudet matkustajat | E43: =B43/B$4+C43/C$4+D43/D$4 -> 0 | F43: =E43*Diskonttaus!$B$11 -> 0
A44: Summa | B44: =B42+B43 -> 0 | C44: =C42+C43 -> 0 | D44: =D42+D43 -> 0 | E44: =B44/B$4+C44/C$4+D44/D$4 -> 0 | F44: =E44*Diskonttaus!$B$11 -> 0

Sheet Tuottajahyodyt
A2: mitä halutaan kuvata, millä tarkkuudella
A3: komponentit auki, vertailut | B3: varikkojen käyttökustannukset tänne
B4: disclaimeriksi käyttäjille: ei operointikustannuksia suoraan täältä. Myös päätepysäkkiaika (kalustomäärä aliarvioitu)?
A5: Liikennöintikustannus | B5: kalibrointi joillain hankkeilla: linja 13, PR15? 1) ratikka ja metro 2) muut
K6: Laskentakaava:
A7: Liikennöinti | B7: Per liik-km | C7: Per liik-tunti | D7: Per asemavuosi | F7: Liikennöinti | G7: Liik-km | H7: Liik-tuntia | I7: Asemaa | K7: =Diskonttaus!B4 -> 2045 | L7: Eur | M7: Eur | N7: Eur | O7: Summa | R7: Liikennöinti | S7: Liik-km | T7: Liik-min | U7: Asemaa
A8: Bussi | B8: =B16*$B$14 -> 0.87207045 | C8: =C16*$B$14 -> 59.854673 | F8: Bussi | G8: =Diskonttaus!$B$11*S8 -> 0 | H8: =Diskonttaus!$B$11*T8/60 -> 0 | I8: =U8 -> 0 | K8: Bussi | L8: =B8*G8 -> 0 | M8: =C8*H8 -> 0 | N8: =D8*I8 -> 0 | O8: =SUM(L8:N8) -> 0 | R8: Bussi
A9: Runkobussi | B9: =B17*$B$14 -> 0.91920939 | C9: =C17*$B$14 -> 62.411961 | F9: Runkobussi | G9: =Diskonttaus!$B$11*S9 -> 0 | H9: =Diskonttaus!$B$11*T9/60 -> 0 | I9: =U9 -> 0 | K9: Runkobussi | L9: =B9*G9 -> 0 | M9: =C9*H9 -> 0 | N9: =D9*I9 -> 0 | O9: =SUM(L9:N9) -> 0 | R9: Runkobussi
A10: Raitiovaunu | B10: =B18*$B$14 -> 2.7104892 | C10: =C18*$B$14 -> 97.813307 | F10: Raitiovaunu | G10: =Diskonttaus!$B$11*S10 -> 0 | H10: =Diskonttaus!$B$11*T10/60 -> 0 | I10: =U10 -> 0 | K10: Raitiovaunu | L10: =B10*G10 -> 0 | M10: =C10*H10 -> 0 | N10: =D10*I10 -> 0 | O10: =SUM(L10:N10) -> 0 | R10: Raitiovaunu
A11: Metro | B11: =B19*$B$14 -> 0.54209785 | C11: =C19*$B$14 -> 237.03818 | D11: =D19*$B$14 -> 829719.4 | F11: Metro | G11: =Diskonttaus!$B$11*S11 -> 0 | H11: =Diskonttaus!$B$11*T11/60 -> 0 | I11: =U11 -> 0 | K11: Metro | L11: =B11*G11 -> 0 | M11: =C11*H11 -> 0 | N11: =D11*I11 -> 0 | O11: =SUM(L11:N11) -> 0 | R11: Metro
A12: Lähijuna | B12: =B20*$B$14 -> 6.5994521 | C12: =C20*$B$14 -> 688.22857 | F12: Lähijuna | G12: =Diskonttaus!$B$11*S12 -> 0 | H12: =Diskonttaus!$B$11*T12/60 -> 0 | I12: =U12 -> 0 | K12: Lähijuna | L12: =B12*G12 -> 0 | M12: =C12*H12 -> 0 | N12: =D12*I12 -> 0 | O12: =SUM(L12:N12) -> 0 | R12: Lähijuna
K13: Summa | L13: =SUM(L8:L12) -> 0 | M13: =SUM(M8:M12) -> 0 | N13: =SUM(N8:N12) -> 0 | O13: =SUM(L13:N13) -> 0
A14: Korjauskerroin (KHI 23/18): | B14: 1.1784736
F15: Liikennöinti | G15: Liik-km | H15: Liik-tuntia | I15: Asemaa | K15: =Diskonttaus!B6 -> 2060 | L15: Eur | M15: Eur | N15: Eur | O15: Summa | R15: Liikennöinti | S15: Liik-km | T15: Liik-min | U15: Asemaa
A16: 2018 | B16: 0.74 | C16: 50.79 | F16: Bussi | G16: =Diskonttaus!$B$11*S16 -> 0 | H16: =Diskonttaus!$B$11*T16/60 -> 0 | I16: =U16 -> 0 | K16: Bussi | L16: =B8*G16 -> 0 | M16: =C8*H16 -> 0 | N16: =D8*I16 -> 0 | O16: =SUM(L16:N16) -> 0 | R16: Bussi
B17: 0.78 | C17: 52.96 | F17: Runkobussi | G17: =Diskonttaus!$B$11*S17 -> 0 | H17: =Diskonttaus!$B$11*T17/60 -> 0 | I17: =U17 -> 0 | K17: Runkobussi | L17: =B9*G17 -> 0 | M17: =C9*H17 -> 0 | N17: =D9*I17 -> 0 | O17: =SUM(L17:N17) -> 0 | R17: Runkobussi
B18: 2.3 | C18: 83 | F18: Raitiovaunu | G18: =Diskonttaus!$B$11*S18 -> 0 | H18: =Diskonttaus!$B$11*T18/60 -> 0 | I18: =U18 -> 0 | K18: Raitiovaunu | L18: =B10*G18 -> 0 | M18: =C10*H18 -> 0 | N18: =D10*I18 -> 0 | O18: =SUM(L18:N18) -> 0 | R18: Raitiovaunu
B19: 0.46 | C19: 201.14 | D19: 704062.79 | F19: Metro | G19: =Diskonttaus!$B$11*S19 -> 0 | H19: =Diskonttaus!$B$11*T19/60 -> 0 | I19: =U19 -> 0 | K19: Metro | L19: =B11*G19 -> 0 | M19: =C11*H19 -> 0 | N19: =D11*I19 -> 0 | O19: =SUM(L19:N19) -> 0 | R19: Metro
B20: =2.8+2.8 -> 5.6 | C20: =340+244 -> 584 | F20: Lähijuna | G20: =Diskonttaus!$B$11*S20 -> 0 | H20: =Diskonttaus!$B$11*T20/60 -> 0 | I20: =U20 -> 0 | K20: Lähijuna | L20: =B12*G20 -> 0 | M20: =C12*H20 -> 0 | N20: =D12*I20 -> 0 | O20: =SUM(L20:N20) -> 0 | R20: Lähijuna
K21: Summa | L21: =SUM(L16:L20) -> 0 | M21: =SUM(M16:M20) -> 0 | N21: =SUM(N16:N20) -> 0 | O21: =SUM(L21:N21) -> 0
K23: Summa nykyarvo | O23: =IF(ISNUMBER(Diskonttaus!B20),Diskonttaus!B29*O13+Diskonttaus!B30*O21,Diskonttaus!B29*O13)*Diskonttaus!$B$10 -> 0
B29: Yhteensä
A30: Verot ja maksut | B30: =Diskonttaus!B4 -> 2045
B31: Muutos veroissa
B32: Summa | C32: =SUM(C31:C31) -> 0
B34: =Diskonttaus!B6 -> 2060
B35: Muutos veroissa
B36: Summa | C36: =SUM(C35:C35) -> 0
B38: Summa nykyarvo | C38: =Diskonttaus!B19*C32*Diskonttaus!$B$10 -> 0
A40: Tulot liikennepalveluista / lipputulojen muutos | H40: vol_fac_work | I40: 1.686 | J40: 8.938 | K40: 2.449
B41: AHT | C41: PAI | D41: IHT | E41: Yht | F41: Vuositasolla | H41: vol_fac_leisure | I41: 2.2168 | J41: 9.8669 | K41: 2.545
A42: =Diskonttaus!B4 -> 2045 | B42: 0.5741 | C42: 0.1087 | D42: 0.405 | H42: vol_fac | I42: 1.742 | J42: 9.203 | K42: 2.4694
A43: Lipputulojen muutos | E43: =B43/B42+C43/C42+D43/D42 -> 0 | F43: =E43*Diskonttaus!$B$11 -> 0 | I43: =1/I42 -> 0.57405281 | J43: =1/J42 -> 0.10866022 | K43: =1/K42 -> 0.40495667
B44: AHT | C44: PAI | D44: IHT | E44: Yht | F44: Vuositasolla
A45: =Diskonttaus!B6 -> 2060 | B45: 0.5741 | C45: 0.1087 | D45: 0.405
A46: Lipputulojen muutos | E46: =B46/B45+C46/C45+D46/D45 -> 0 | F46: =E46*Diskonttaus!$B$11 -> 0
A48: Summa nykyarvo | F48: =IF(ISNUMBER(Diskonttaus!B20),Diskonttaus!B26*F43+Diskonttaus!B27*F46,Diskonttaus!B26*F43)*Diskonttaus!$B$10 -> 0
A52: Väylänpidon kustannukset
K53: Laskentakaava:
A54: Kuluminen | B54: Per ajo-km | F54: =Diskonttaus!B4 -> 2045 | G54: Ajo-km | K54: Kuluminen | L54: Eur
A55: Tie, kevyet ajoneuvot | B55: 0.0036575 | F55: Tie, kevyet ajoneuvot | G55: =Diskonttaus!$B$11*(Ulkoisvaikutukset!O19+Ulkoisvaikutukset!O20) -> 0 | K55: Tie, kevyet ajoneuvot | L55: =B55*G55 -> 0
A56: Tie, raskaat ajoneuvot | B56: 0.051205 | F56: Tie, raskaat ajoneuvot | G56: =Diskonttaus!$B$11*(Ulkoisvaikutukset!O15+Ulkoisvaikutukset!O21+Ulkoisvaikutukset!O22) -> 0 | K56: Tie, raskaat ajoneuvot | L56: =B56*G56 -> 0
A57: Raitiovaunu | B57: 0.090073984 | F57: Raitiovaunu | G57: =Tuottajahyodyt!G10 -> 0 | K57: Raitiovaunu | L57: =B57*G57 -> 0
A58: Metro | B58: 0.2814812 | F58: Metro | G58: =G11 -> 0 | K58: Metro | L58: =B58*G58 -> 0
A59: Lähijuna | B59: 0.57162336 | F59: Lähijuna | G59: =G12 -> 0 | K59: Lähijuna | L59: =B59*G59 -> 0
K60: Summa | L60: =SUM(L55:L59) -> 0
A61: Yksikköarvot 2022, korjauskerroin (MAKU 23/22): | B61: 1.045
F62: =Diskonttaus!B6 -> 2060 | G62: Ajo-km | K62: Kuluminen | L62: Eur
F63: Tie, kevyet ajoneuvot | G63: =Diskonttaus!$B$11*(Ulkoisvaikutukset!O33+Ulkoisvaikutukset!O34) -> 0 | K63: Tie, kevyet ajoneuvot | L63: =B55*G63 -> 0
F64: Tie, raskaat ajoneuvot | G64: =Diskonttaus!$B$11*(Ulkoisvaikutukset!O29+Ulkoisvaikutukset!O35+Ulkoisvaikutukset!O36) -> 0 | K64: Tie, raskaat ajoneuvot | L64: =B56*G64 -> 0
F65: Raitiovaunu | G65: =Tuottajahyodyt!G18 -> 0 | K65: Raitiovaunu | L65: =B57*G65 -> 0
F66: Metro | G66: =G19 -> 0 | K66: Metro | L66: =B58*G66 -> 0
F67: Lähijuna | G67: =G20 -> 0 | K67: Lähijuna | L67: =B59*G67 -> 0
K68: Summa | L68: =SUM(L63:L67) -> 0
K70: Summa nykyarvo | L70: =IF(ISNUMBER(Diskonttaus!B20),Diskonttaus!B26*L60+Diskonttaus!B27*L68,Diskonttaus!B26*L60)*Diskonttaus!$B$10 -> 0
A72: Kunnossapitokustannukset | B72: Per tie-km vuodessa | F72: =Diskonttaus!B4 -> 2045 | G72: Tie-km | K72: Kunnossapito | L72: Eur
A73: Moottoritie (vdf=1) | B73: 26961 | F73: Moottoritie (vdf=1) | K73: Moottoritie (vdf=1) | L73: =B73*G73 -> 0
A74: Useampikaistainen (vdf=2,3) | B74: 23408 | F74: Useampikaistainen (vdf=2,3) | K74: Useampikaistainen (vdf=2,3) | L74: =B74*G74 -> 0
A75: Muu tie tai katu (vdf=4,5) | B75: 11704 | F75: Muu tie tai katu (vdf=4,5) | K75: Muu tie tai katu (vdf=4,5) | L75: =B75*G75 -> 0
A76: Junarata | B76: 30305 | F76: Junarata | K76: Junarata | L76: =B76*G76 -> 0
A77: Metrorata | B77: 30305 | F77: Metrorata | K77: Metrorata | L77: =B77*G77 -> 0
A78: Ratikkarata | B78: 30305 | F78: Ratikkarata | K78: Ratikkarata | L78: =B78*G78 -> 0
K79: Summa | L79: =SUM(L73:L78) -> 0
A80: Yksikköarvot 2022, korjauskerroin (MAKU 23/22): | B80: 1.045
F81: =Diskonttaus!B6 -> 2060 | G81: Tie-km | K81: Kunnossapito | L81: Eur
F82: Moottoritie (vdf=1) | K82: Moottoritie (vdf=1) | L82: =B73*G82 -> 0
F83: Useampikaistainen (vdf=2,3) | K83: Useampikaistainen (vdf=2,3) | L83: =B74*G83 -> 0
F84: Muu tie tai katu (vdf=4,5) | K84: Muu tie tai katu (vdf=4,5) | L84: =B75*G84 -> 0
F85: Junarata | K85: Junarata | L85: =B76*G85 -> 0
F86: Metrorata | K86: Metrorata | L86: =B77*G86 -> 0
F87: Ratikkarata | K87: Ratikkarata | L87: =B78*G87 -> 0
K88: Summa | L88: =SUM(L82:L87) -> 0
K90: Summa nykyarvo | L90: =IF(ISNUMBER(Diskonttaus!B20),Diskonttaus!B26*L79+Diskonttaus!B27*L88,Diskonttaus!B26*L79)*Diskonttaus!$B$10 -> 0

Sheet Ulkoisvaikutukset
B2: Päästöt eur/km | C2: =Diskonttaus!B4 -> 2045 | E2: =Diskonttaus!B6 -> 2060 | I2: Henkilövahingot | N2: Lähde: Onnettomuustilastoista / Tavoite ja mittarit excelistä
B3: Per km | C3: Taajama | D3: Haja-asutus | E3: Taajama | F3: Haja-asutus | H3: Per km | I3: – moottoritiet (vdf=1) | J3: – muut pääväylät eritasoliittymin (vdf=2) | K3: – useampikaistaiset pääkadut tasoliittymin (vdf=3) | L3: – muut pääkadut (vdf=4) | M3: – kokooja- ja tonttikadut (vdf=5) | N3: – muut väylät ja syötöt (vdf jokin muu) | Q3: Onnettomuuksien vähenemiskerroin
B4: Bussi | C4: =L68 -> 0.13766454 | D4: =M68 -> 0.083111647 | E4: =L117 -> 0.17309529 | F4: =M117 -> 0.10477091 | I4: 0.024 | J4: 0.072 | K4: 0.131 | L4: 0.26 | M4: 0.376 | N4: 0 | Q4: =Diskonttaus!B1 -> 2023 | R4: 0.984
B5: Raitiovaunu | C5: 0 | D5: 0 | E5: 0 | F5: 0 | H5: Eur/onn | I5: 519357.75 | Q5: =Diskonttaus!B4 -> 2045 | R5: =(1-0.016)^(MIN(Diskonttaus!B$4,2050)-Diskonttaus!B$1) -> 0.70128115
B6: Metro | C6: 0 | D6: 0 | E6: 0 | F6: 0 | H6: Kustannus | I6: =$I$5*I4/1000000 -> 0.012464586 | J6: =$I$5*J4/1000000 -> 0.037393758 | K6: =$I$5*K4/1000000 -> 0.068035865 | L6: =$I$5*L4/1000000 -> 0.13503302 | M6: =$I$5*M4/1000000 -> 0.19527851 | N6: =$I$5*N4/1000000 -> 0 | Q6: =Diskonttaus!B6 -> 2060 | R6: =(1-0.016)^(MIN(Diskonttaus!B$6,2050)-Diskonttaus!B$1) -> 0.64694544
B7: Lähijuna | C7: 0 | D7: 0 | E7: 0 | F7: 0
B8: Henkilöauto | C8: =L52 -> 0.013574702 | D8: =M52 -> 0.0088311591 | E8: =L101 -> 0.0044079115 | F8: =M101 -> 0.0013099827 | H8: Meluhaitta (eur/v/as)
B9: Pakettiauto | C9: =L60 -> 0.020427575 | D9: =M60 -> 0.010108573 | E9: =L109 -> 0.014127238 | F9: =M109 -> 0.0019386215 | H9: =Diskonttaus!B4 -> 2045 | I9: =H92 -> 0
B10: Kuorma-auto | C10: =L76 -> 0.28495027 | D10: =M76 -> 0.23313213 | E10: =L125 -> 0.22792419 | F10: =M125 -> 0.18078028 | H10: =Diskonttaus!B6 -> 2060 | I10: =H141 -> 0
B11: Yhdistelmä | C11: =L84 -> 0.43763444 | D11: =M84 -> 0.36516258 | E11: =L133 -> 0.42499482 | F11: =M133 -> 0.351193
B13: =Diskonttaus!B4 -> 2045 | H13: =Diskonttaus!B4 -> 2045
B14: Kustannukset | C14: Onnettomuudet | D14: Päästöt | E14: Melu | F14: Yhteensä | H14: Suorite | I14: Moottoritie | J14: Muut pääväylät eritasoliittymin | K14: Useampikaistaiset pääkadut | L14: Muut pääkadut | M14: Kokooja- ja tonttikadut | N14: Muut väylät ja syötöt | O14: Yhteensä
B15: Bussi | C15: =$R$4*$R$5*($I$6*I15+$J$6*J15+$K$6*K15+$L$6*L15+$M$6*M15+$N$6*N15) -> 0 | D15: =C4*SUM(K15:N15)+D4*SUM(I15:J15) -> 0 | H15: Bussi | O15: =SUM(I15:N15) -> 0
B16: Raitiovaunu | C16: =$R$4*$R$5*($I$6*I16+$J$6*J16+$K$6*K16+$L$6*L16+$M$6*M16+$N$6*N16) -> 0 | D16: =C5*SUM(K16:N16)+D5*SUM(I16:J16) -> 0 | H16: Raitiovaunu | N16: =Tuottajahyodyt!S10 -> 0 | O16: =SUM(I16:N16) -> 0
B17: Metro | C17: =$R$4*$R$5*($I$6*I17+$J$6*J17+$K$6*K17+$L$6*L17+$M$6*M17+$N$6*N17) -> 0 | D17: =C6*SUM(K17:N17)+D6*SUM(I17:J17) -> 0 | H17: Metro | O17: =SUM(I17:N17) -> 0
B18: Lähijuna | C18: =$R$4*$R$5*($I$6*I18+$J$6*J18+$K$6*K18+$L$6*L18+$M$6*M18+$N$6*N18) -> 0 | D18: =C7*SUM(K18:N18)+D7*SUM(I18:J18) -> 0 | H18: Lähijuna | O18: =SUM(I18:N18) -> 0
B19: Henkilöauto | C19: =$R$4*$R$5*($I$6*I19+$J$6*J19+$K$6*K19+$L$6*L19+$M$6*M19+$N$6*N19) -> 0 | D19: =C8*SUM(K19:N19)+D8*SUM(I19:J19) -> 0 | H19: Henkilöauto | O19: =SUM(I19:N19) -> 0
B20: Pakettiauto | C20: =$R$4*$R$5*($I$6*I20+$J$6*J20+$K$6*K20+$L$6*L20+$M$6*M20+$N$6*N20) -> 0 | D20: =C9*SUM(K20:N20)+D9*SUM(I20:J20) -> 0 | H20: Pakettiauto | O20: =SUM(I20:N20) -> 0
B21: Kuorma-auto | C21: =$R$4*$R$5*($I$6*I21+$J$6*J21+$K$6*K21+$L$6*L21+$M$6*M21+$N$6*N21) -> 0 | D21: =C10*SUM(K21:N21)+D10*SUM(I21:J21) -> 0 | H21: Kuorma-auto | O21: =SUM(I21:N21) -> 0
B22: Yhdistelmä | C22: =$R$4*$R$5*($I$6*I22+$J$6*J22+$K$6*K22+$L$6*L22+$M$6*M22+$N$6*N22) -> 0 | D22: =C11*SUM(K22:N22)+D11*SUM(I22:J22) -> 0 | H22: Yhdistelmä | O22: =SUM(I22:N22) -> 0
B23: Yhteensä | C23: =SUM(C15:C22) -> 0 | D23: =SUM(D15:D22) -> 0
B24: Vuositasolla | C24: =Diskonttaus!$B$11*C23 -> 0 | D24: =Diskonttaus!$B$11*D23 -> 0 | E24: =I9*I24 -> #VALUE! | F24: =SUM(C24:E24) -> #VALUE! | H24: Melutaso | I24: 50-54 dB(A) | J24: 55-59 dB(A) | K24: 60-64 dB/A) | L24: 65-69 dB(A) | M24: 70-75 dB(A) | N24: Yhteensä
H25: Meluvyöhykkeellä asuvat | N25: =SUM(I25:N25) -> 0
B27: =Diskonttaus!B6 -> 2060 | H27: =Diskonttaus!B6 -> 2060
B28: Kustannukset | C28: Onnettomuudet | D28: Päästöt | E28: Melu | F28: Yhteensä | H28: Suorite | I28: Moottoritie | J28: Muut pääväylät eritasoliittymin | K28: Useampikaistaiset pääkadut | L28: Muut pääkadut | M28: Kokooja- ja tonttikadut | N28: Muut väylät ja syötöt | O28: Yhteensä
B29: Bussi | C29: =$R$4*$R$6*($I$6*I29+$J$6*J29+$K$6*K29+$L$6*L29+$M$6*M29+$N$6*N29) -> 0 | D29: =E4*SUM(K29:N29)+F4*SUM(I29:J29) -> 0 | H29: Bussi | O29: =SUM(I29:N29) -> 0
B30: Raitiovaunu | C30: =$R$4*$R$6*($I$6*I30+$J$6*J30+$K$6*K30+$L$6*L30+$M$6*M30+$N$6*N30) -> 0 | D30: =E5*SUM(K30:N30)+F5*SUM(I30:J30) -> 0 | H30: Raitiovaunu | N30: =Tuottajahyodyt!S18 -> 0 | O30: =SUM(I30:N30) -> 0
B31: Metro | C31: =$R$4*$R$6*($I$6*I31+$J$6*J31+$K$6*K31+$L$6*L31+$M$6*M31+$N$6*N31) -> 0 | D31: =E6*SUM(K31:N31)+F6*SUM(I31:J31) -> 0 | H31: Metro | O31: =SUM(I31:N31) -> 0
B32: Lähijuna | C32: =$R$4*$R$6*($I$6*I32+$J$6*J32+$K$6*K32+$L$6*L32+$M$6*M32+$N$6*N32) -> 0 | D32: =E7*SUM(K32:N32)+F7*SUM(I32:J32) -> 0 | H32: Lähijuna | O32: =SUM(I32:N32) -> 0
B33: Henkilöauto | C33: =$R$4*$R$6*($I$6*I33+$J$6*J33+$K$6*K33+$L$6*L33+$M$6*M33+$N$6*N33) -> 0 | D33: =E8*SUM(K33:N33)+F8*SUM(I33:J33) -> 0 | H33: Henkilöauto | O33: =SUM(I33:N33) -> 0
B34: Pakettiauto | C34: =$R$4*$R$6*($I$6*I34+$J$6*J34+$K$6*K34+$L$6*L34+$M$6*M34+$N$6*N34) -> 0 | D34: =E9*SUM(K34:N34)+F9*SUM(I34:J34) -> 0 | H34: Pakettiauto | O34: =SUM(I34:N34) -> 0
B35: Kuorma-auto | C35: =$R$4*$R$6*($I$6*I35+$J$6*J35+$K$6*K35+$L$6*L35+$M$6*M35+$N$6*N35) -> 0 | D35: =E10*SUM(K35:N35)+F10*SUM(I35:J35) -> 0 | H35: Kuorma-auto | O35: =SUM(I35:N35) -> 0
B36: Yhdistelmä | C36: =$R$4*$R$6*($I$6*I36+$J$6*J36+$K$6*K36+$L$6*L36+$M$6*M36+$N$6*N36) -> 0 | D36: =E11*SUM(K36:N36)+F11*SUM(I36:J36) -> 0 | H36: Yhdistelmä | O36: =SUM(I36:N36) -> 0
B37: Yhteensä | C37: =SUM(C29:C36) -> 0 | D37: =SUM(D29:D36) -> 0
B38: Vuositasolla | C38: =Diskonttaus!$B$11*C37 -> 0 | D38: =Diskonttaus!$B$11*D37 -> 0 | E38: =I10*I38 -> #VALUE! | F38: =SUM(C38:E38) -> #VALUE! | H38: Melutaso | I38: 50-54 dB(A) | J38: 55-59 dB(A) | K38: 60-64 dB/A) | L38: 65-69 dB(A) | M38: 70-75 dB(A) | N38: Yhteensä
H39: Meluvyöhykkeellä asuvat | N39: =SUM(I39:N39) -> 0
B41: Summa nykyarvo | C41: =IF(ISNUMBER(Diskonttaus!$B$20),Diskonttaus!$B$19*Ulkoisvaikutukset!C24+Diskonttaus!$B$20*Ulkoisvaikutukset!C38,Diskonttaus!$B$19*Ulkoisvaikutukset!C24) -> 0 | D41: =IF(ISNUMBER(Diskonttaus!$B$20),Diskonttaus!$B$19*Ulkoisvaikutukset!D24+Diskonttaus!$B$20*Ulkoisvaikutukset!D38,Diskonttaus!$B$19*Ulkoisvaikutukset!D24) -> 0 | E41: =IF(ISNUMBER(Diskonttaus!$B$20),Diskonttaus!$B$19*Ulkoisvaikutukset!E24+Diskonttaus!$B$20*Ulkoisvaikutukset!E38,Diskonttaus!$B$19*Ulkoisvaikutukset!E24) -> #VALUE! | F41: =IF(ISNUMBER(Diskonttaus!$B$20),Diskonttaus!$B$19*Ulkoisvaikutukset!F24+Diskonttaus!$B$20*Ulkoisvaikutukset!F38,Diskonttaus!$B$19*Ulkoisvaikutukset!F24) -> #VALUE!
B46: =Diskonttaus!B4 -> 2045 | C46: g/km | G46: eur/tonni | L46: eur/km
B47: Henkilöauto | C47: Taajama | D47: Haja-asutus | G47: Taajama | H47: Haja-asutus | L47: Taajama | M47: Haja-asutus
B49: NOx | C49: {=INDEX('Liukuvat yksikkoarvot'!$A$56:$AN$105,MATCH($B$47&" / "&LOWER(C$47)&" (g/km)",'Liukuvat yksikkoarvot'!$A$56:$A$105,0)+MATCH($B49,{"NOx";"PM";"CO2"},0),MATCH($B$46,INDEX('Liukuvat yksikkoarvot'!$A$56:$AN$105,MATCH($B$47&" / "&LOWER(C$47)&" (g/km)",'Liukuvat yksikkoarvot'!$A$56:$A$105,0),0),0))} -> 0.33562363 | D49: {=INDEX('Liukuvat yksikkoarvot'!$A$56:$AN$105,MATCH($B$47&" / "&LOWER(D$47)&" (g/km)",'Liukuvat yksikkoarvot'!$A$56:$A$105,0)+MATCH($B49,{"NOx";"PM";"CO2"},0),MATCH($B$46,INDEX('Liukuvat yksikkoarvot'!$A$56:$AN$105,MATCH($B$47&" / "&LOWER(D$47)&" (g/km)",'Liukuvat yksikkoarvot'!$A$56:$A$105,0),0),0))} -> 0.25690222 | G49: =INDEX('Liukuvat yksikkoarvot'!$B$46:$AN$48,MATCH($B49,'Liukuvat yksikkoarvot'!$A$46:$A$48,0),MATCH($B$46,'Liukuvat yksikkoarvot'!$B$45:$AN$45,0)) -> 2296.5 | H49: =INDEX('Liukuvat yksikkoarvot'!$B$51:$AN$53,MATCH($B49,'Liukuvat yksikkoarvot'!$A$51:$A$53,0),MATCH($B$46,'Liukuvat yksikkoarvot'!$B$50:$AN$50,0)) -> 490 | L49: =C49*G49/1000000 -> 0.00077075966 | M49: =D49*H49/1000000 -> 0.00012588209
B50: PM | C50: {=INDEX('Liukuvat yksikkoarvot'!$A$56:$AN$105,MATCH($B$47&" / "&LOWER(C$47)&" (g/km)",'Liukuvat yksikkoarvot'!$A$56:$A$105,0)+MATCH($B50,{"NOx";"PM";"CO2"},0),MATCH($B$46,INDEX('Liukuvat yksikkoarvot'!$A$56:$AN$105,MATCH($B$47&" / "&LOWER(C$47)&" (g/km)",'Liukuvat yksikkoarvot'!$A$56:$A$105,0),0),0))} -> 0.0079206031 | D50: {=INDEX('Liukuvat yksikkoarvot'!$A$56:$AN$105,MATCH($B$47&" / "&LOWER(D$47)&" (g/km)",'Liukuvat yksikkoarvot'!$A$56:$A$105,0)+MATCH($B50,{"NOx";"PM";"CO2"},0),MATCH($B$46,INDEX('Liukuvat yksikkoarvot'!$A$56:$AN$105,MATCH($B$47&" / "&LOWER(D$47)&" (g/km)",'Liukuvat yksikkoarvot'!$A$56:$A$105,0),0),0))} -> 0.0051722933 | G50: =INDEX('Liukuvat yksikkoarvot'!$B$46:$AN$48,MATCH($B50,'Liukuvat yksikkoarvot'!$A$46:$A$48,0),MATCH($B$46,'Liukuvat yksikkoarvot'!$B$45:$AN$45,0)) -> 214286.5 | H50: =INDEX('Liukuvat yksikkoarvot'!$B$51:$AN$53,MATCH($B50,'Liukuvat yksikkoarvot'!$A$51:$A$53,0),MATCH($B$46,'Liukuvat yksikkoarvot'!$B$50:$AN$50,0)) -> 13624.5 | L50: =C50*G50/1000000 -> 0.0016972783 | M50: =D50*H50/1000000 -> 7.046991e-05
B51: CO2 | C51: {=INDEX('Liukuvat yksikkoarvot'!$A$56:$AN$105,MATCH($B$47&" / "&LOWER(C$47)&" (g/km)",'Liukuvat yksikkoarvot'!$A$56:$A$105,0)+MATCH($B51,{"NOx";"PM";"CO2"},0),MATCH($B$46,INDEX('Liukuvat yksikkoarvot'!$A$56:$AN$105,MATCH($B$47&" / "&LOWER(C$47)&" (g/km)",'Liukuvat yksikkoarvot'!$A$56:$A$105,0),0),0))} -> 14.908274 | D51: {=INDEX('Liukuvat yksikkoarvot'!$A$56:$AN$105,MATCH($B$47&" / "&LOWER(D$47)&" (g/km)",'Liukuvat yksikkoarvot'!$A$56:$A$105,0)+MATCH($B51,{"NOx";"PM";"CO2"},0),MATCH($B$46,INDEX('Liukuvat yksikkoarvot'!$A$56:$AN$105,MATCH($B$47&" / "&LOWER(D$47)&" (g/km)",'Liukuvat yksikkoarvot'!$A$56:$A$105,0),0),0))} -> 11.590345 | G51: =INDEX('Liukuvat yksikkoarvot'!$B$46:$AN$48,MATCH($B51,'Liukuvat yksikkoarvot'!$A$46:$A$48,0),MATCH($B$46,'Liukuvat yksikkoarvot'!$B$45:$AN$45,0)) -> 745 | H51: =INDEX('Liukuvat yksikkoarvot'!$B$51:$AN$53,MATCH($B51,'Liukuvat yksikkoarvot'!$A$51:$A$53,0),MATCH($B$46,'Liukuvat yksikkoarvot'!$B$50:$AN$50,0)) -> 745 | L51: =C51*G51/1000000 -> 0.011106664 | M51: =D51*H51/1000000 -> 0.0086348071
K52: Yht | L52: =SUM(L48:L51) -> 0.013574702 | M52: =SUM(M48:M51) -> 0.0088311591
B54: PEIKKO | C54: g/km | G54: eur/tonni | L54: eur/km
B55: Pakettiauto | C55: Taajama | D55: Haja-asutus | G55: Taajama | H55: Haja-asutus | L55: Taajama | M55: Haja-asutus
B57: NOx | C57: {=INDEX('Liukuvat yksikkoarvot'!$A$56:$AN$105,MATCH($B$55&" / "&LOWER(C$55)&" (g/km)",'Liukuvat yksikkoarvot'!$A$56:$A$105,0)+MATCH($B57,{"NOx";"PM";"CO2"},0),MATCH($B$46,INDEX('Liukuvat yksikkoarvot'!$A$56:$AN$105,MATCH($B$55&" / "&LOWER(C$55)&" (g/km)",'Liukuvat yksikkoarvot'!$A$56:$A$105,0),0),0))} -> 0.81685468 | D57: {=INDEX('Liukuvat yksikkoarvot'!$A$56:$AN$105,MATCH($B$55&" / "&LOWER(D$55)&" (g/km)",'Liukuvat yksikkoarvot'!$A$56:$A$105,0)+MATCH($B57,{"NOx";"PM";"CO2"},0),MATCH($B$46,INDEX('Liukuvat yksikkoarvot'!$A$56:$AN$105,MATCH($B$55&" / "&LOWER(D$55)&" (g/km)",'Liukuvat yksikkoarvot'!$A$56:$A$105,0),0),0))} -> 0.67924982 | G57: =INDEX('Liukuvat yksikkoarvot'!$B$46:$AN$48,MATCH($B57,'Liukuvat yksikkoarvot'!$A$46:$A$48,0),MATCH($B$46,'Liukuvat yksikkoarvot'!$B$45:$AN$45,0)) -> 2296.5 | H57: =INDEX('Liukuvat yksikkoarvot'!$B$51:$AN$53,MATCH($B57,'Liukuvat yksikkoarvot'!$A$51:$A$53,0),MATCH($B$46,'Liukuvat yksikkoarvot'!$B$50:$AN$50,0)) -> 490 | L57: =C57*G57/1000000 -> 0.0018759068 | M57: =D57*H57/1000000 -> 0.00033283241
B58: PM | C58: {=INDEX('Liukuvat yksikkoarvot'!$A$56:$AN$105,MATCH($B$55&" / "&LOWER(C$55)&" (g/km)",'Liukuvat yksikkoarvot'!$A$56:$A$105,0)+MATCH($B58,{"NOx";"PM";"CO2"},0),MATCH($B$46,INDEX('Liukuvat yksikkoarvot'!$A$56:$AN$105,MATCH($B$55&" / "&LOWER(C$55)&" (g/km)",'Liukuvat yksikkoarvot'!$A$56:$A$105,0),0),0))} -> 0.04114134 | D58: {=INDEX('Liukuvat yksikkoarvot'!$A$56:$AN$105,MATCH($B$55&" / "&LOWER(D$55)&" (g/km)",'Liukuvat yksikkoarvot'!$A$56:$A$105,0)+MATCH($B58,{"NOx";"PM";"CO2"},0),MATCH($B$46,INDEX('Liukuvat yksikkoarvot'!$A$56:$AN$105,MATCH($B$55&" / "&LOWER(D$55)&" (g/km)",'Liukuvat yksikkoarvot'!$A$56:$A$105,0),0),0))} -> 0.035104592 | G58: =INDEX('Liukuvat yksikkoarvot'!$B$46:$AN$48,MATCH($B58,'Liukuvat yksikkoarvot'!$A$46:$A$48,0),MATCH($B$46,'Liukuvat yksikkoarvot'!$B$45:$AN$45,0)) -> 214286.5 | H58: =INDEX('Liukuvat yksikkoarvot'!$B$51:$AN$53,MATCH($B58,'Liukuvat yksikkoarvot'!$A$51:$A$53,0),MATCH($B$46,'Liukuvat yksikkoarvot'!$B$50:$AN$50,0)) -> 13624.5 | L58: =C58*G58/1000000 -> 0.0088160338 | M58: =D58*H58/1000000 -> 0.00047828252
B59: CO2 | C59: {=INDEX('Liukuvat yksikkoarvot'!$A$56:$AN$105,MATCH($B$55&" / "&LOWER(C$55)&" (g/km)",'Liukuvat yksikkoarvot'!$A$56:$A$105,0)+MATCH($B59,{"NOx";"PM";"CO2"},0),MATCH($B$46,INDEX('Liukuvat yksikkoarvot'!$A$56:$AN$105,MATCH($B$55&" / "&LOWER(C$55)&" (g/km)",'Liukuvat yksikkoarvot'!$A$56:$A$105,0),0),0))} -> 13.067965 | D59: {=INDEX('Liukuvat yksikkoarvot'!$A$56:$AN$105,MATCH($B$55&" / "&LOWER(D$55)&" (g/km)",'Liukuvat yksikkoarvot'!$A$56:$A$105,0)+MATCH($B59,{"NOx";"PM";"CO2"},0),MATCH($B$46,INDEX('Liukuvat yksikkoarvot'!$A$56:$AN$105,MATCH($B$55&" / "&LOWER(D$55)&" (g/km)",'Liukuvat yksikkoarvot'!$A$56:$A$105,0),0),0))} -> 12.47981 | G59: =INDEX('Liukuvat yksikkoarvot'!$B$46:$AN$48,MATCH($B59,'Liukuvat yksikkoarvot'!$A$46:$A$48,0),MATCH($B$46,'Liukuvat yksikkoarvot'!$B$45:$AN$45,0)) -> 745 | H59: =INDEX('Liukuvat yksikkoarvot'!$B$51:$AN$53,MATCH($B59,'Liukuvat yksikkoarvot'!$A$51:$A$53,0),MATCH($B$46,'Liukuvat yksikkoarvot'!$B$50:$AN$50,0)) -> 745 | L59: =C59*G59/1000000 -> 0.0097356341 | M59: =D59*H59/1000000 -> 0.0092974583
K60: Yht | L60: =SUM(L56:L59) -> 0.020427575 | M60: =SUM(M56:M59) -> 0.010108573
B62: PEIKKO | C62: g/km | G62: eur/tonni | L62: eur/km
B63: Bussi | C63: Taajama | D63: Haja-asutus | G63: Taajama | H63: Haja-asutus | L63: Taajama | M63: Haja-asutus
B65: NOx | C65: {=INDEX('Liukuvat yksikkoarvot'!$A$56:$AN$105,MATCH($B$63&" / "&LOWER(C$63)&" (g/km)",'Liukuvat yksikkoarvot'!$A$56:$A$105,0)+MATCH($B65,{"NOx";"PM";"CO2"},0),MATCH($B$46,INDEX('Liukuvat yksikkoarvot'!$A$56:$AN$105,MATCH($B$63&" / "&LOWER(C$63)&" (g/km)",'Liukuvat yksikkoarvot'!$A$56:$A$105,0),0),0))} -> 3.5449102 | D65: {=INDEX('Liukuvat yksikkoarvot'!$A$56:$AN$105,MATCH($B$63&" / "&LOWER(D$63)&" (g/km)",'Liukuvat yksikkoarvot'!$A$56:$A$105,0)+MATCH($B65,{"NOx";"PM";"CO2"},0),MATCH($B$46,INDEX('Liukuvat yksikkoarvot'!$A$56:$AN$105,MATCH($B$63&" / "&LOWER(D$63)&" (g/km)",'Liukuvat yksikkoarvot'!$A$56:$A$105,0),0),0))} -> 1.7837079 | G65: =INDEX('Liukuvat yksikkoarvot'!$B$46:$AN$48,MATCH($B65,'Liukuvat yksikkoarvot'!$A$46:$A$48,0),MATCH($B$46,'Liukuvat yksikkoarvot'!$B$45:$AN$45,0)) -> 2296.5 | H65: =INDEX('Liukuvat yksikkoarvot'!$B$51:$AN$53,MATCH($B65,'Liukuvat yksikkoarvot'!$A$51:$A$53,0),MATCH($B$46,'Liukuvat yksikkoarvot'!$B$50:$AN$50,0)) -> 490 | L65: =C65*G65/1000000 -> 0.0081408862 | M65: =D65*H65/1000000 -> 0.00087401685
B66: PM | C66: {=INDEX('Liukuvat yksikkoarvot'!$A$56:$AN$105,MATCH($B$63&" / "&LOWER(C$63)&" (g/km)",'Liukuvat yksikkoarvot'!$A$56:$A$105,0)+MATCH($B66,{"NOx";"PM";"CO2"},0),MATCH($B$46,INDEX('Liukuvat yksikkoarvot'!$A$56:$AN$105,MATCH($B$63&" / "&LOWER(C$63)&" (g/km)",'Liukuvat yksikkoarvot'!$A$56:$A$105,0),0),0))} -> 0.035928144 | D66: {=INDEX('Liukuvat yksikkoarvot'!$A$56:$AN$105,MATCH($B$63&" / "&LOWER(D$63)&" (g/km)",'Liukuvat yksikkoarvot'!$A$56:$A$105,0)+MATCH($B66,{"NOx";"PM";"CO2"},0),MATCH($B$46,INDEX('Liukuvat yksikkoarvot'!$A$56:$AN$105,MATCH($B$63&" / "&LOWER(D$63)&" (g/km)",'Liukuvat yksikkoarvot'!$A$56:$A$105,0),0),0))} -> 0.02247191 | G66: =INDEX('Liukuvat yksikkoarvot'!$B$46:$AN$48,MATCH($B66,'Liukuvat yksikkoarvot'!$A$46:$A$48,0),MATCH($B$46,'Liukuvat yksikkoarvot'!$B$45:$AN$45,0)) -> 214286.5 | H66: =INDEX('Liukuvat yksikkoarvot'!$B$51:$AN$53,MATCH($B66,'Liukuvat yksikkoarvot'!$A$51:$A$53,0),MATCH($B$46,'Liukuvat yksikkoarvot'!$B$50:$AN$50,0)) -> 13624.5 | L66: =C66*G66/1000000 -> 0.0076989162 | M66: =D66*H66/1000000 -> 0.00030616854
B67: CO2 | C67: {=INDEX('Liukuvat yksikkoarvot'!$A$56:$AN$105,MATCH($B$63&" / "&LOWER(C$63)&" (g/km)",'Liukuvat yksikkoarvot'!$A$56:$A$105,0)+MATCH($B67,{"NOx";"PM";"CO2"},0),MATCH($B$46,INDEX('Liukuvat yksikkoarvot'!$A$56:$AN$105,MATCH($B$63&" / "&LOWER(C$63)&" (g/km)",'Liukuvat yksikkoarvot'!$A$56:$A$105,0),0),0))} -> 163.52314 | D67: {=INDEX('Liukuvat yksikkoarvot'!$A$56:$AN$105,MATCH($B$63&" / "&LOWER(D$63)&" (g/km)",'Liukuvat yksikkoarvot'!$A$56:$A$105,0)+MATCH($B67,{"NOx";"PM";"CO2"},0),MATCH($B$46,INDEX('Liukuvat yksikkoarvot'!$A$56:$AN$105,MATCH($B$63&" / "&LOWER(D$63)&" (g/km)",'Liukuvat yksikkoarvot'!$A$56:$A$105,0),0),0))} -> 109.97512 | G67: =INDEX('Liukuvat yksikkoarvot'!$B$46:$AN$48,MATCH($B67,'Liukuvat yksikkoarvot'!$A$46:$A$48,0),MATCH($B$46,'Liukuvat yksikkoarvot'!$B$45:$AN$45,0)) -> 745 | H67: =INDEX('Liukuvat yksikkoarvot'!$B$51:$AN$53,MATCH($B67,'Liukuvat yksikkoarvot'!$A$51:$A$53,0),MATCH($B$46,'Liukuvat yksikkoarvot'!$B$50:$AN$50,0)) -> 745 | L67: =C67*G67/1000000 -> 0.12182474 | M67: =D67*H67/1000000 -> 0.081931461
K68: Yht | L68: =SUM(L64:L67) -> 0.13766454 | M68: =SUM(M64:M67) -> 0.083111647
B70: PEIKKO | C70: g/km | G70: eur/tonni | L70: eur/km
B71: Kuorma-auto | C71: Taajama | D71: Haja-asutus | G71: Taajama | H71: Haja-asutus | L71: Taajama | M71: Haja-asutus
B73: NOx | C73: {=INDEX('Liukuvat yksikkoarvot'!$A$56:$AN$105,MATCH($B$71&" / "&LOWER(C$71)&" (g/km)",'Liukuvat yksikkoarvot'!$A$56:$A$105,0)+MATCH($B73,{"NOx";"PM";"CO2"},0),MATCH($B$46,INDEX('Liukuvat yksikkoarvot'!$A$56:$AN$105,MATCH($B$71&" / "&LOWER(C$71)&" (g/km)",'Liukuvat yksikkoarvot'!$A$56:$A$105,0),0),0))} -> 3.125 | D73: {=INDEX('Liukuvat yksikkoarvot'!$A$56:$AN$105,MATCH($B$71&" / "&LOWER(D$71)&" (g/km)",'Liukuvat yksikkoarvot'!$A$56:$A$105,0)+MATCH($B73,{"NOx";"PM";"CO2"},0),MATCH($B$46,INDEX('Liukuvat yksikkoarvot'!$A$56:$AN$105,MATCH($B$71&" / "&LOWER(D$71)&" (g/km)",'Liukuvat yksikkoarvot'!$A$56:$A$105,0),0),0))} -> 2.3669369 | G73: =INDEX('Liukuvat yksikkoarvot'!$B$46:$AN$48,MATCH($B73,'Liukuvat yksikkoarvot'!$A$46:$A$48,0),MATCH($B$46,'Liukuvat yksikkoarvot'!$B$45:$AN$45,0)) -> 2296.5 | H73: =INDEX('Liukuvat yksikkoarvot'!$B$51:$AN$53,MATCH($B73,'Liukuvat yksikkoarvot'!$A$51:$A$53,0),MATCH($B$46,'Liukuvat yksikkoarvot'!$B$50:$AN$50,0)) -> 490 | L73: =C73*G73/1000000 -> 0.0071765625 | M73: =D73*H73/1000000 -> 0.0011597991
B74: PM | C74: {=INDEX('Liukuvat yksikkoarvot'!$A$56:$AN$105,MATCH($B$71&" / "&LOWER(C$71)&" (g/km)",'Liukuvat yksikkoarvot'!$A$56:$A$105,0)+MATCH($B74,{"NOx";"PM";"CO2"},0),MATCH($B$46,INDEX('Liukuvat yksikkoarvot'!$A$56:$AN$105,MATCH($B$71&" / "&LOWER(C$71)&" (g/km)",'Liukuvat yksikkoarvot'!$A$56:$A$105,0),0),0))} -> 0.047169811 | D74: {=INDEX('Liukuvat yksikkoarvot'!$A$56:$AN$105,MATCH($B$71&" / "&LOWER(D$71)&" (g/km)",'Liukuvat yksikkoarvot'!$A$56:$A$105,0)+MATCH($B74,{"NOx";"PM";"CO2"},0),MATCH($B$46,INDEX('Liukuvat yksikkoarvot'!$A$56:$AN$105,MATCH($B$71&" / "&LOWER(D$71)&" (g/km)",'Liukuvat yksikkoarvot'!$A$56:$A$105,0),0),0))} -> 0.037715897 | G74: =INDEX('Liukuvat yksikkoarvot'!$B$46:$AN$48,MATCH($B74,'Liukuvat yksikkoarvot'!$A$46:$A$48,0),MATCH($B$46,'Liukuvat yksikkoarvot'!$B$45:$AN$45,0)) -> 214286.5 | H74: =INDEX('Liukuvat yksikkoarvot'!$B$51:$AN$53,MATCH($B74,'Liukuvat yksikkoarvot'!$A$51:$A$53,0),MATCH($B$46,'Liukuvat yksikkoarvot'!$B$50:$AN$50,0)) -> 13624.5 | L74: =C74*G74/1000000 -> 0.010107854 | M74: =D74*H74/1000000 -> 0.00051386024
B75: CO2 | C75: {=INDEX('Liukuvat yksikkoarvot'!$A$56:$AN$105,MATCH($B$71&" / "&LOWER(C$71)&" (g/km)",'Liukuvat yksikkoarvot'!$A$56:$A$105,0)+MATCH($B75,{"NOx";"PM";"CO2"},0),MATCH($B$46,INDEX('Liukuvat yksikkoarvot'!$A$56:$AN$105,MATCH($B$71&" / "&LOWER(C$71)&" (g/km)",'Liukuvat yksikkoarvot'!$A$56:$A$105,0),0),0))} -> 359.28303 | D75: {=INDEX('Liukuvat yksikkoarvot'!$A$56:$AN$105,MATCH($B$71&" / "&LOWER(D$71)&" (g/km)",'Liukuvat yksikkoarvot'!$A$56:$A$105,0)+MATCH($B75,{"NOx";"PM";"CO2"},0),MATCH($B$46,INDEX('Liukuvat yksikkoarvot'!$A$56:$AN$105,MATCH($B$71&" / "&LOWER(D$71)&" (g/km)",'Liukuvat yksikkoarvot'!$A$56:$A$105,0),0),0))} -> 310.68251 | G75: =INDEX('Liukuvat yksikkoarvot'!$B$46:$AN$48,MATCH($B75,'Liukuvat yksikkoarvot'!$A$46:$A$48,0),MATCH($B$46,'Liukuvat yksikkoarvot'!$B$45:$AN$45,0)) -> 745 | H75: =INDEX('Liukuvat yksikkoarvot'!$B$51:$AN$53,MATCH($B75,'Liukuvat yksikkoarvot'!$A$51:$A$53,0),MATCH($B$46,'Liukuvat yksikkoarvot'!$B$50:$AN$50,0)) -> 745 | L75: =C75*G75/1000000 -> 0.26766585 | M75: =D75*H75/1000000 -> 0.23145847
K76: Yht | L76: =SUM(L72:L75) -> 0.28495027 | M76: =SUM(M72:M75) -> 0.23313213
B78: PEIKKO | C78: g/km | G78: eur/tonni | L78: eur/km
B79: Yhdistelmä | C79: Taajama | D79: Haja-asutus | G79: Taajama | H79: Haja-asutus | L79: Taajama | M79: Haja-asutus
B81: NOx | C81: {=INDEX('Liukuvat yksikkoarvot'!$A$56:$AN$105,MATCH($B$79&" / "&LOWER(C$79)&" (g/km)",'Liukuvat yksikkoarvot'!$A$56:$A$105,0)+MATCH($B81,{"NOx";"PM";"CO2"},0),MATCH($B$46,INDEX('Liukuvat yksikkoarvot'!$A$56:$AN$105,MATCH($B$79&" / "&LOWER(C$79)&" (g/km)",'Liukuvat yksikkoarvot'!$A$56:$A$105,0),0),0))} -> 3.125 | D81: {=INDEX('Liukuvat yksikkoarvot'!$A$56:$AN$105,MATCH($B$79&" / "&LOWER(D$79)&" (g/km)",'Liukuvat yksikkoarvot'!$A$56:$A$105,0)+MATCH($B81,{"NOx";"PM";"CO2"},0),MATCH($B$46,INDEX('Liukuvat yksikkoarvot'!$A$56:$AN$105,MATCH($B$79&" / "&LOWER(D$79)&" (g/km)",'Liukuvat yksikkoarvot'!$A$56:$A$105,0),0),0))} -> 2.3669369 | G81: =INDEX('Liukuvat yksikkoarvot'!$B$46:$AN$48,MATCH($B81,'Liukuvat yksikkoarvot'!$A$46:$A$48,0),MATCH($B$46,'Liukuvat yksikkoarvot'!$B$45:$AN$45,0)) -> 2296.5 | H81: =INDEX('Liukuvat yksikkoarvot'!$B$51:$AN$53,MATCH($B81,'Liukuvat yksikkoarvot'!$A$51:$A$53,0),MATCH($B$46,'Liukuvat yksikkoarvot'!$B$50:$AN$50,0)) -> 490 | L81: =C81*G81/1000000 -> 0.0071765625 | M81: =D81*H81/1000000 -> 0.0011597991
B82: PM | C82: {=INDEX('Liukuvat yksikkoarvot'!$A$56:$AN$105,MATCH($B$79&" / "&LOWER(C$79)&" (g/km)",'Liukuvat yksikkoarvot'!$A$56:$A$105,0)+MATCH($B82,{"NOx";"PM";"CO2"},0),MATCH($B$46,INDEX('Liukuvat yksikkoarvot'!$A$56:$AN$105,MATCH($B$79&" / "&LOWER(C$79)&" (g/km)",'Liukuvat yksikkoarvot'!$A$56:$A$105,0),0),0))} -> 0.047169811 | D82: {=INDEX('Liukuvat yksikkoarvot'!$A$56:$AN$105,MATCH($B$79&" / "&LOWER(D$79)&" (g/km)",'Liukuvat yksikkoarvot'!$A$56:$A$105,0)+MATCH($B82,{"NOx";"PM";"CO2"},0),MATCH($B$46,INDEX('Liukuvat yksikkoarvot'!$A$56:$AN$105,MATCH($B$79&" / "&LOWER(D$79)&" (g/km)",'Liukuvat yksikkoarvot'!$A$56:$A$105,0),0),0))} -> 0.037715897 | G82: =INDEX('Liukuvat yksikkoarvot'!$B$46:$AN$48,MATCH($B82,'Liukuvat yksikkoarvot'!$A$46:$A$48,0),MATCH($B$46,'Liukuvat yksikkoarvot'!$B$45:$AN$45,0)) -> 214286.5 | H82: =INDEX('Liukuvat yksikkoarvot'!$B$51:$AN$53,MATCH($B82,'Liukuvat yksikkoarvot'!$A$51:$A$53,0),MATCH($B$46,'Liukuvat yksikkoarvot'!$B$50:$AN$50,0)) -> 13624.5 | L82: =C82*G82/1000000 -> 0.010107854 | M82: =D82*H82/1000000 -> 0.00051386024
B83: CO2 | C83: {=INDEX('Liukuvat yksikkoarvot'!$A$56:$AN$105,MATCH($B$79&" / "&LOWER(C$79)&" (g/km)",'Liukuvat yksikkoarvot'!$A$56:$A$105,0)+MATCH($B83,{"NOx";"PM";"CO2"},0),MATCH($B$46,INDEX('Liukuvat yksikkoarvot'!$A$56:$AN$105,MATCH($B$79&" / "&LOWER(C$79)&" (g/km)",'Liukuvat yksikkoarvot'!$A$56:$A$105,0),0),0))} -> 564.22822 | D83: {=INDEX('Liukuvat yksikkoarvot'!$A$56:$AN$105,MATCH($B$79&" / "&LOWER(D$79)&" (g/km)",'Liukuvat yksikkoarvot'!$A$56:$A$105,0)+MATCH($B83,{"NOx";"PM";"CO2"},0),MATCH($B$46,INDEX('Liukuvat yksikkoarvot'!$A$56:$AN$105,MATCH($B$79&" / "&LOWER(D$79)&" (g/km)",'Liukuvat yksikkoarvot'!$A$56:$A$105,0),0),0))} -> 487.90459 | G83: =INDEX('Liukuvat yksikkoarvot'!$B$46:$AN$48,MATCH($B83,'Liukuvat yksikkoarvot'!$A$46:$A$48,0),MATCH($B$46,'Liukuvat yksikkoarvot'!$B$45:$AN$45,0)) -> 745 | H83: =INDEX('Liukuvat yksikkoarvot'!$B$51:$AN$53,MATCH($B83,'Liukuvat yksikkoarvot'!$A$51:$A$53,0),MATCH($B$46,'Liukuvat yksikkoarvot'!$B$50:$AN$50,0)) -> 745 | L83: =C83*G83/1000000 -> 0.42035003 | M83: =D83*H83/1000000 -> 0.36348892
K84: Yht | L84: =SUM(L80:L83) -> 0.43763444 | M84: =SUM(M80:M83) -> 0.36516258
F86: Melutaso dB(A) | G86: Euroa/asukas/vuosi | H86: Melukustannus
F87: 50-54 | G87: =INDEX('Liukuvat yksikkoarvot'!$B$39:$AN$43,1,MATCH($B$46,'Liukuvat yksikkoarvot'!$B$38:$AN$38,0)) -> 193.5 | H87: =G87*I25 -> 0
F88: 55-59 | G88: =INDEX('Liukuvat yksikkoarvot'!$B$39:$AN$43,2,MATCH($B$46,'Liukuvat yksikkoarvot'!$B$38:$AN$38,0)) -> 1021 | H88: =G88*J25 -> 0
F89: 60-64 | G89: =INDEX('Liukuvat yksikkoarvot'!$B$39:$AN$43,3,MATCH($B$46,'Liukuvat yksikkoarvot'!$B$38:$AN$38,0)) -> 2581 | H89: =G89*K25 -> 0
F90: 65-69 | G90: =INDEX('Liukuvat yksikkoarvot'!$B$39:$AN$43,4,MATCH($B$46,'Liukuvat yksikkoarvot'!$B$38:$AN$38,0)) -> 4830.5 | H90: =G90*L25 -> 0
F91: 70-75 | G91: =INDEX('Liukuvat yksikkoarvot'!$B$39:$AN$43,5,MATCH($B$46,'Liukuvat yksikkoarvot'!$B$38:$AN$38,0)) -> 8143 | H91: =G91*M25 -> 0
H92: =SUM(H87:H91) -> 0
B95: =Diskonttaus!B6 -> 2060 | C95: g/km | G95: eur/tonni | L95: eur/km
B96: Henkilöauto | C96: Taajama | D96: Haja-asutus | G96: Taajama | H96: Haja-asutus | L96: Taajama | M96: Haja-asutus
B98: NOx | C98: {=INDEX('Liukuvat yksikkoarvot'!$A$56:$AN$105,MATCH($B$96&" / "&LOWER(C$96)&" (g/km)",'Liukuvat yksikkoarvot'!$A$56:$A$105,0)+MATCH($B98,{"NOx";"PM";"CO2"},0),MATCH($B$95,INDEX('Liukuvat yksikkoarvot'!$A$56:$AN$105,MATCH($B$96&" / "&LOWER(C$96)&" (g/km)",'Liukuvat yksikkoarvot'!$A$56:$A$105,0),0),0))} -> 0.33562363 | D98: {=INDEX('Liukuvat yksikkoarvot'!$A$56:$AN$105,MATCH($B$96&" / "&LOWER(D$96)&" (g/km)",'Liukuvat yksikkoarvot'!$A$56:$A$105,0)+MATCH($B98,{"NOx";"PM";"CO2"},0),MATCH($B$95,INDEX('Liukuvat yksikkoarvot'!$A$56:$AN$105,MATCH($B$96&" / "&LOWER(D$96)&" (g/km)",'Liukuvat yksikkoarvot'!$A$56:$A$105,0),0),0))} -> 0.25690222 | G98: =INDEX('Liukuvat yksikkoarvot'!$B$46:$AN$48,MATCH($B98,'Liukuvat yksikkoarvot'!$A$46:$A$48,0),MATCH($B$95,'Liukuvat yksikkoarvot'!$B$45:$AN$45,0)) -> 2822 | H98: =INDEX('Liukuvat yksikkoarvot'!$B$51:$AN$53,MATCH($B98,'Liukuvat yksikkoarvot'!$A$51:$A$53,0),MATCH($B$95,'Liukuvat yksikkoarvot'!$B$50:$AN$50,0)) -> 602 | L98: =C98*G98/1000000 -> 0.00094712988 | M98: =D98*H98/1000000 -> 0.00015465513
B99: PM | C99: {=INDEX('Liukuvat yksikkoarvot'!$A$56:$AN$105,MATCH($B$96&" / "&LOWER(C$96)&" (g/km)",'Liukuvat yksikkoarvot'!$A$56:$A$105,0)+MATCH($B99,{"NOx";"PM";"CO2"},0),MATCH($B$95,INDEX('Liukuvat yksikkoarvot'!$A$56:$AN$105,MATCH($B$96&" / "&LOWER(C$96)&" (g/km)",'Liukuvat yksikkoarvot'!$A$56:$A$105,0),0),0))} -> 0.0079206031 | D99: {=INDEX('Liukuvat yksikkoarvot'!$A$56:$AN$105,MATCH($B$96&" / "&LOWER(D$96)&" (g/km)",'Liukuvat yksikkoarvot'!$A$56:$A$105,0)+MATCH($B99,{"NOx";"PM";"CO2"},0),MATCH($B$95,INDEX('Liukuvat yksikkoarvot'!$A$56:$AN$105,MATCH($B$96&" / "&LOWER(D$96)&" (g/km)",'Liukuvat yksikkoarvot'!$A$56:$A$105,0),0),0))} -> 0.0051722933 | G99: =INDEX('Liukuvat yksikkoarvot'!$B$46:$AN$48,MATCH($B99,'Liukuvat yksikkoarvot'!$A$46:$A$48,0),MATCH($B$95,'Liukuvat yksikkoarvot'!$B$45:$AN$45,0)) -> 263378 | H99: =INDEX('Liukuvat yksikkoarvot'!$B$51:$AN$53,MATCH($B99,'Liukuvat yksikkoarvot'!$A$51:$A$53,0),MATCH($B$95,'Liukuvat yksikkoarvot'!$B$50:$AN$50,0)) -> 16743 | L99: =C99*G99/1000000 -> 0.0020861126 | M99: =D99*H99/1000000 -> 8.6599706e-05
B100: CO2 | C100: {=INDEX('Liukuvat yksikkoarvot'!$A$56:$AN$105,MATCH($B$96&" / "&LOWER(C$96)&" (g/km)",'Liukuvat yksikkoarvot'!$A$56:$A$105,0)+MATCH($B100,{"NOx";"PM";"CO2"},0),MATCH($B$95,INDEX('Liukuvat yksikkoarvot'!$A$56:$AN$105,MATCH($B$96&" / "&LOWER(C$96)&" (g/km)",'Liukuvat yksikkoarvot'!$A$56:$A$105,0),0),0))} -> 1.3092086 | D100: {=INDEX('Liukuvat yksikkoarvot'!$A$56:$AN$105,MATCH($B$96&" / "&LOWER(D$96)&" (g/km)",'Liukuvat yksikkoarvot'!$A$56:$A$105,0)+MATCH($B100,{"NOx";"PM";"CO2"},0),MATCH($B$95,INDEX('Liukuvat yksikkoarvot'!$A$56:$AN$105,MATCH($B$96&" / "&LOWER(D$96)&" (g/km)",'Liukuvat yksikkoarvot'!$A$56:$A$105,0),0),0))} -> 1.0178361 | G100: =INDEX('Liukuvat yksikkoarvot'!$B$46:$AN$48,MATCH($B100,'Liukuvat yksikkoarvot'!$A$46:$A$48,0),MATCH($B$95,'Liukuvat yksikkoarvot'!$B$45:$AN$45,0)) -> 1050 | H100: =INDEX('Liukuvat yksikkoarvot'!$B$51:$AN$53,MATCH($B100,'Liukuvat yksikkoarvot'!$A$51:$A$53,0),MATCH($B$95,'Liukuvat yksikkoarvot'!$B$50:$AN$50,0)) -> 1050 | L100: =C100*G100/1000000 -> 0.001374669 | M100: =D100*H100/1000000 -> 0.0010687279
K101: Yht | L101: =SUM(L97:L100) -> 0.0044079115 | M101: =SUM(M97:M100) -> 0.0013099827
B103: PEIKKO | C103: g/km | G103: eur/tonni | L103: eur/km
B104: Pakettiauto | C104: Taajama | D104: Haja-asutus | G104: Taajama | H104: Haja-asutus | L104: Taajama | M104: Haja-asutus
B106: NOx | C106: {=INDEX('Liukuvat yksikkoarvot'!$A$56:$AN$105,MATCH($B$104&" / "&LOWER(C$104)&" (g/km)",'Liukuvat yksikkoarvot'!$A$56:$A$105,0)+MATCH($B106,{"NOx";"PM";"CO2"},0),MATCH($B$95,INDEX('Liukuvat yksikkoarvot'!$A$56:$AN$105,MATCH($B$104&" / "&LOWER(C$104)&" (g/km)",'Liukuvat yksikkoarvot'!$A$56:$A$105,0),0),0))} -> 0.81685468 | D106: {=INDEX('Liukuvat yksikkoarvot'!$A$56:$AN$105,MATCH($B$104&" / "&LOWER(D$104)&" (g/km)",'Liukuvat yksikkoarvot'!$A$56:$A$105,0)+MATCH($B106,{"NOx";"PM";"CO2"},0),MATCH($B$95,INDEX('Liukuvat yksikkoarvot'!$A$56:$AN$105,MATCH($B$104&" / "&LOWER(D$104)&" (g/km)",'Liukuvat yksikkoarvot'!$A$56:$A$105,0),0),0))} -> 0.67924982 | G106: =INDEX('Liukuvat yksikkoarvot'!$B$46:$AN$48,MATCH($B106,'Liukuvat yksikkoarvot'!$A$46:$A$48,0),MATCH($B$95,'Liukuvat yksikkoarvot'!$B$45:$AN$45,0)) -> 2822 | H106: =INDEX('Liukuvat yksikkoarvot'!$B$51:$AN$53,MATCH($B106,'Liukuvat yksikkoarvot'!$A$51:$A$53,0),MATCH($B$95,'Liukuvat yksikkoarvot'!$B$50:$AN$50,0)) -> 602 | L106: =C106*G106/1000000 -> 0.0023051639 | M106: =D106*H106/1000000 -> 0.00040890839
B107: PM | C107: {=INDEX('Liukuvat yksikkoarvot'!$A$56:$AN$105,MATCH($B$104&" / "&LOWER(C$104)&" (g/km)",'Liukuvat yksikkoarvot'!$A$56:$A$105,0)+MATCH($B107,{"NOx";"PM";"CO2"},0),MATCH($B$95,INDEX('Liukuvat yksikkoarvot'!$A$56:$AN$105,MATCH($B$104&" / "&LOWER(C$104)&" (g/km)",'Liukuvat yksikkoarvot'!$A$56:$A$105,0),0),0))} -> 0.04114134 | D107: {=INDEX('Liukuvat yksikkoarvot'!$A$56:$AN$105,MATCH($B$104&" / "&LOWER(D$104)&" (g/km)",'Liukuvat yksikkoarvot'!$A$56:$A$105,0)+MATCH($B107,{"NOx";"PM";"CO2"},0),MATCH($B$95,INDEX('Liukuvat yksikkoarvot'!$A$56:$AN$105,MATCH($B$104&" / "&LOWER(D$104)&" (g/km)",'Liukuvat yksikkoarvot'!$A$56:$A$105,0),0),0))} -> 0.035104592 | G107: =INDEX('Liukuvat yksikkoarvot'!$B$46:$AN$48,MATCH($B107,'Liukuvat yksikkoarvot'!$A$46:$A$48,0),MATCH($B$95,'Liukuvat yksikkoarvot'!$B$45:$AN$45,0)) -> 263378 | H107: =INDEX('Liukuvat yksikkoarvot'!$B$51:$AN$53,MATCH($B107,'Liukuvat yksikkoarvot'!$A$51:$A$53,0),MATCH($B$95,'Liukuvat yksikkoarvot'!$B$50:$AN$50,0)) -> 16743 | L107: =C107*G107/1000000 -> 0.010835724 | M107: =D107*H107/1000000 -> 0.00058775619
B108: CO2 | C108: {=INDEX('Liukuvat yksikkoarvot'!$A$56:$AN$105,MATCH($B$104&" / "&LOWER(C$104)&" (g/km)",'Liukuvat yksikkoarvot'!$A$56:$A$105,0)+MATCH($B108,{"NOx";"PM";"CO2"},0),MATCH($B$95,INDEX('Liukuvat yksikkoarvot'!$A$56:$AN$105,MATCH($B$104&" / "&LOWER(C$104)&" (g/km)",'Liukuvat yksikkoarvot'!$A$56:$A$105,0),0),0))} -> 0.93938096 | D108: {=INDEX('Liukuvat yksikkoarvot'!$A$56:$AN$105,MATCH($B$104&" / "&LOWER(D$104)&" (g/km)",'Liukuvat yksikkoarvot'!$A$56:$A$105,0)+MATCH($B108,{"NOx";"PM";"CO2"},0),MATCH($B$95,INDEX('Liukuvat yksikkoarvot'!$A$56:$AN$105,MATCH($B$104&" / "&LOWER(D$104)&" (g/km)",'Liukuvat yksikkoarvot'!$A$56:$A$105,0),0),0))} -> 0.89710185 | G108: =INDEX('Liukuvat yksikkoarvot'!$B$46:$AN$48,MATCH($B108,'Liukuvat yksikkoarvot'!$A$46:$A$48,0),MATCH($B$95,'Liukuvat yksikkoarvot'!$B$45:$AN$45,0)) -> 1050 | H108: =INDEX('Liukuvat yksikkoarvot'!$B$51:$AN$53,MATCH($B108,'Liukuvat yksikkoarvot'!$A$51:$A$53,0),MATCH($B$95,'Liukuvat yksikkoarvot'!$B$50:$AN$50,0)) -> 1050 | L108: =C108*G108/1000000 -> 0.00098635001 | M108: =D108*H108/1000000 -> 0.00094195694
K109: Yht | L109: =SUM(L105:L108) -> 0.014127238 | M109: =SUM(M105:M108) -> 0.0019386215
B111: PEIKKO | C111: g/km | G111: eur/tonni | L111: eur/km
B112: Bussi | C112: Taajama | D112: Haja-asutus | G112: Taajama | H112: Haja-asutus | L112: Taajama | M112: Haja-asutus
B114: NOx | C114: {=INDEX('Liukuvat yksikkoarvot'!$A$56:$AN$105,MATCH($B$112&" / "&LOWER(C$112)&" (g/km)",'Liukuvat yksikkoarvot'!$A$56:$A$105,0)+MATCH($B114,{"NOx";"PM";"CO2"},0),MATCH($B$95,INDEX('Liukuvat yksikkoarvot'!$A$56:$AN$105,MATCH($B$112&" / "&LOWER(C$112)&" (g/km)",'Liukuvat yksikkoarvot'!$A$56:$A$105,0),0),0))} -> 3.5449102 | D114: {=INDEX('Liukuvat yksikkoarvot'!$A$56:$AN$105,MATCH($B$112&" / "&LOWER(D$112)&" (g/km)",'Liukuvat yksikkoarvot'!$A$56:$A$105,0)+MATCH($B114,{"NOx";"PM";"CO2"},0),MATCH($B$95,INDEX('Liukuvat yksikkoarvot'!$A$56:$AN$105,MATCH($B$112&" / "&LOWER(D$112)&" (g/km)",'Liukuvat yksikkoarvot'!$A$56:$A$105,0),0),0))} -> 1.7837079 | G114: =INDEX('Liukuvat yksikkoarvot'!$B$46:$AN$48,MATCH($B114,'Liukuvat yksikkoarvot'!$A$46:$A$48,0),MATCH($B$95,'Liukuvat yksikkoarvot'!$B$45:$AN$45,0)) -> 2822 | H114: =INDEX('Liukuvat yksikkoarvot'!$B$51:$AN$53,MATCH($B114,'Liukuvat yksikkoarvot'!$A$51:$A$53,0),MATCH($B$95,'Liukuvat yksikkoarvot'!$B$50:$AN$50,0)) -> 602 | L114: =C114*G114/1000000 -> 0.010003737 | M114: =D114*H114/1000000 -> 0.0010737921
B115: PM | C115: {=INDEX('Liukuvat yksikkoarvot'!$A$56:$AN$105,MATCH($B$112&" / "&LOWER(C$112)&" (g/km)",'Liukuvat yksikkoarvot'!$A$56:$A$105,0)+MATCH($B115,{"NOx";"PM";"CO2"},0),MATCH($B$95,INDEX('Liukuvat yksikkoarvot'!$A$56:$AN$105,MATCH($B$112&" / "&LOWER(C$112)&" (g/km)",'Liukuvat yksikkoarvot'!$A$56:$A$105,0),0),0))} -> 0.035928144 | D115: {=INDEX('Liukuvat yksikkoarvot'!$A$56:$AN$105,MATCH($B$112&" / "&LOWER(D$112)&" (g/km)",'Liukuvat yksikkoarvot'!$A$56:$A$105,0)+MATCH($B115,{"NOx";"PM";"CO2"},0),MATCH($B$95,INDEX('Liukuvat yksikkoarvot'!$A$56:$AN$105,MATCH($B$112&" / "&LOWER(D$112)&" (g/km)",'Liukuvat yksikkoarvot'!$A$56:$A$105,0),0),0))} -> 0.02247191 | G115: =INDEX('Liukuvat yksikkoarvot'!$B$46:$AN$48,MATCH($B115,'Liukuvat yksikkoarvot'!$A$46:$A$48,0),MATCH($B$95,'Liukuvat yksikkoarvot'!$B$45:$AN$45,0)) -> 263378 | H115: =INDEX('Liukuvat yksikkoarvot'!$B$51:$AN$53,MATCH($B115,'Liukuvat yksikkoarvot'!$A$51:$A$53,0),MATCH($B$95,'Liukuvat yksikkoarvot'!$B$50:$AN$50,0)) -> 16743 | L115: =C115*G115/1000000 -> 0.0094626826 | M115: =D115*H115/1000000 -> 0.00037624719
B116: CO2 | C116: {=INDEX('Liukuvat yksikkoarvot'!$A$56:$AN$105,MATCH($B$112&" / "&LOWER(C$112)&" (g/km)",'Liukuvat yksikkoarvot'!$A$56:$A$105,0)+MATCH($B116,{"NOx";"PM";"CO2"},0),MATCH($B$95,INDEX('Liukuvat yksikkoarvot'!$A$56:$AN$105,MATCH($B$112&" / "&LOWER(C$112)&" (g/km)",'Liukuvat yksikkoarvot'!$A$56:$A$105,0),0),0))} -> 146.31321 | D116: {=INDEX('Liukuvat yksikkoarvot'!$A$56:$AN$105,MATCH($B$112&" / "&LOWER(D$112)&" (g/km)",'Liukuvat yksikkoarvot'!$A$56:$A$105,0)+MATCH($B116,{"NOx";"PM";"CO2"},0),MATCH($B$95,INDEX('Liukuvat yksikkoarvot'!$A$56:$AN$105,MATCH($B$112&" / "&LOWER(D$112)&" (g/km)",'Liukuvat yksikkoarvot'!$A$56:$A$105,0),0),0))} -> 98.400829 | G116: =INDEX('Liukuvat yksikkoarvot'!$B$46:$AN$48,MATCH($B116,'Liukuvat yksikkoarvot'!$A$46:$A$48,0),MATCH($B$95,'Liukuvat yksikkoarvot'!$B$45:$AN$45,0)) -> 1050 | H116: =INDEX('Liukuvat yksikkoarvot'!$B$51:$AN$53,MATCH($B116,'Liukuvat yksikkoarvot'!$A$51:$A$53,0),MATCH($B$95,'Liukuvat yksikkoarvot'!$B$50:$AN$50,0)) -> 1050 | L116: =C116*G116/1000000 -> 0.15362887 | M116: =D116*H116/1000000 -> 0.10332087
K117: Yht | L117: =SUM(L113:L116) -> 0.17309529 | M117: =SUM(M113:M116) -> 0.10477091
B119: PEIKKO | C119: g/km | G119: eur/tonni | L119: eur/km
B120: Kuorma-auto | C120: Taajama | D120: Haja-asutus | G120: Taajama | H120: Haja-asutus | L120: Taajama | M120: Haja-asutus
B122: NOx | C122: {=INDEX('Liukuvat yksikkoarvot'!$A$56:$AN$105,MATCH($B$120&" / "&LOWER(C$120)&" (g/km)",'Liukuvat yksikkoarvot'!$A$56:$A$105,0)+MATCH($B122,{"NOx";"PM";"CO2"},0),MATCH($B$95,INDEX('Liukuvat yksikkoarvot'!$A$56:$AN$105,MATCH($B$120&" / "&LOWER(C$120)&" (g/km)",'Liukuvat yksikkoarvot'!$A$56:$A$105,0),0),0))} -> 3.125 | D122: {=INDEX('Liukuvat yksikkoarvot'!$A$56:$AN$105,MATCH($B$120&" / "&LOWER(D$120)&" (g/km)",'Liukuvat yksikkoarvot'!$A$56:$A$105,0)+MATCH($B122,{"NOx";"PM";"CO2"},0),MATCH($B$95,INDEX('Liukuvat yksikkoarvot'!$A$56:$AN$105,MATCH($B$120&" / "&LOWER(D$120)&" (g/km)",'Liukuvat yksikkoarvot'!$A$56:$A$105,0),0),0))} -> 2.3669369 | G122: =INDEX('Liukuvat yksikkoarvot'!$B$46:$AN$48,MATCH($B122,'Liukuvat yksikkoarvot'!$A$46:$A$48,0),MATCH($B$95,'Liukuvat yksikkoarvot'!$B$45:$AN$45,0)) -> 2822 | H122: =INDEX('Liukuvat yksikkoarvot'!$B$51:$AN$53,MATCH($B122,'Liukuvat yksikkoarvot'!$A$51:$A$53,0),MATCH($B$95,'Liukuvat yksikkoarvot'!$B$50:$AN$50,0)) -> 602 | L122: =C122*G122/1000000 -> 0.00881875 | M122: =D122*H122/1000000 -> 0.001424896
B123: PM | C123: {=INDEX('Liukuvat yksikkoarvot'!$A$56:$AN$105,MATCH($B$120&" / "&LOWER(C$120)&" (g/km)",'Liukuvat yksikkoarvot'!$A$56:$A$105,0)+MATCH($B123,{"NOx";"PM";"CO2"},0),MATCH($B$95,INDEX('Liukuvat yksikkoarvot'!$A$56:$AN$105,MATCH($B$120&" / "&LOWER(C$120)&" (g/km)",'Liukuvat yksikkoarvot'!$A$56:$A$105,0),0),0))} -> 0.047169811 | D123: {=INDEX('Liukuvat yksikkoarvot'!$A$56:$AN$105,MATCH($B$120&" / "&LOWER(D$120)&" (g/km)",'Liukuvat yksikkoarvot'!$A$56:$A$105,0)+MATCH($B123,{"NOx";"PM";"CO2"},0),MATCH($B$95,INDEX('Liukuvat yksikkoarvot'!$A$56:$AN$105,MATCH($B$120&" / "&LOWER(D$120)&" (g/km)",'Liukuvat yksikkoarvot'!$A$56:$A$105,0),0),0))} -> 0.037715897 | G123: =INDEX('Liukuvat yksikkoarvot'!$B$46:$AN$48,MATCH($B123,'Liukuvat yksikkoarvot'!$A$46:$A$48,0),MATCH($B$95,'Liukuvat yksikkoarvot'!$B$45:$AN$45,0)) -> 263378 | H123: =INDEX('Liukuvat yksikkoarvot'!$B$51:$AN$53,MATCH($B123,'Liukuvat yksikkoarvot'!$A$51:$A$53,0),MATCH($B$95,'Liukuvat yksikkoarvot'!$B$50:$AN$50,0)) -> 16743 | L123: =C123*G123/1000000 -> 0.012423491 | M123: =D123*H123/1000000 -> 0.00063147726
B124: CO2 | C124: {=INDEX('Liukuvat yksikkoarvot'!$A$56:$AN$105,MATCH($B$120&" / "&LOWER(C$120)&" (g/km)",'Liukuvat yksikkoarvot'!$A$56:$A$105,0)+MATCH($B124,{"NOx";"PM";"CO2"},0),MATCH($B$95,INDEX('Liukuvat yksikkoarvot'!$A$56:$AN$105,MATCH($B$120&" / "&LOWER(C$120)&" (g/km)",'Liukuvat yksikkoarvot'!$A$56:$A$105,0),0),0))} -> 196.83996 | D124: {=INDEX('Liukuvat yksikkoarvot'!$A$56:$AN$105,MATCH($B$120&" / "&LOWER(D$120)&" (g/km)",'Liukuvat yksikkoarvot'!$A$56:$A$105,0)+MATCH($B124,{"NOx";"PM";"CO2"},0),MATCH($B$95,INDEX('Liukuvat yksikkoarvot'!$A$56:$AN$105,MATCH($B$120&" / "&LOWER(D$120)&" (g/km)",'Liukuvat yksikkoarvot'!$A$56:$A$105,0),0),0))} -> 170.21325 | G124: =INDEX('Liukuvat yksikkoarvot'!$B$46:$AN$48,MATCH($B124,'Liukuvat yksikkoarvot'!$A$46:$A$48,0),MATCH($B$95,'Liukuvat yksikkoarvot'!$B$45:$AN$45,0)) -> 1050 | H124: =INDEX('Liukuvat yksikkoarvot'!$B$51:$AN$53,MATCH($B124,'Liukuvat yksikkoarvot'!$A$51:$A$53,0),MATCH($B$95,'Liukuvat yksikkoarvot'!$B$50:$AN$50,0)) -> 1050 | L124: =C124*G124/1000000 -> 0.20668195 | M124: =D124*H124/1000000 -> 0.17872391
K125: Yht | L125: =SUM(L121:L124) -> 0.22792419 | M125: =SUM(M121:M124) -> 0.18078028
B127: PEIKKO | C127: g/km | G127: eur/tonni | L127: eur/km
B128: Yhdistelmä | C128: Taajama | D128: Haja-asutus | G128: Taajama | H128: Haja-asutus | L128: Taajama | M128: Haja-asutus
...

Sheet Julkistaloudelliset
I3: "Käyttäjähyödyt välilehdeltä"
I4: Verot yhteensä = Joukkoliikenteen suorite-km * vero€-km + ajoneuvoliikenteen suoritteet-km*verot€-km
B5: Yhteensä
A6: Verot ja maksut | B6: =Diskonttaus!B4 -> 2045 | F6: AHT | G6: PAI | H6: IHT | I6: Yht | J6: Vuositasolla | L6: vol_fac_car | M6: 2.1272 | N6: 10.468 | O6: 2.57773
B7: Polttoainevero | C7: =Kayttajahyodyt!I82 -> 0 | F7: 0.47010154 | G7: 0.095529232 | H7: 0.38793822 | M7: =1/M6 -> 0.47010154 | N7: =1/N6 -> 0.095529232 | O7: =1/O6 -> 0.38793822
B8: Tiemaksut ja lippumenot | C8: =J8 -> 0 | I8: =F8/F7+G8/G7+H8/H7 -> 0 | J8: =I8*Diskonttaus!$B$11 -> 0
B9: Summa | C9: =SUM(C7:C8) -> 0
B11: =Diskonttaus!B6 -> 2060 | F11: AHT | G11: PAI | H11: IHT | I11: Yht | J11: Vuositasolla
B12: Polttoainevero | C12: =Kayttajahyodyt!I89 -> 0 | F12: 0.47010154 | G12: 0.095529232 | H12: 0.38793822
B13: Tiemaksut ja lippumenot | C13: =J13 -> 0 | I13: =F13/F12+G13/G12+H13/H12 -> 0 | J13: =I13*Diskonttaus!$B$11 -> 0
B14: Summa | C14: =SUM(C12:C13) -> 0
B16: Summa nykyarvo | C16: =IF(ISNUMBER(Diskonttaus!B20),Diskonttaus!B26*C9+Diskonttaus!B27*C14,Diskonttaus!B26*C9)*Diskonttaus!$B$10 -> 0
A18: Tuet, ostot ja muut menot
B20: =Diskonttaus!B4 -> 2045
B21: Vanhat matkustajat
B22: Uudet matkustajat
B23: Summa
B25: =Diskonttaus!B6 -> 2060
B26: Vanhat matkustajat
B27: Uudet matkustajat
B28: Summa
B30: Summa nykyarvo

Sheet Investointikustannus
B3: Vienti vuotuiselle tasolle suunnitteluvuodelle.
B6: Investointikustannukset | D6: =SUM(C41:W41) -> 0 | Z6: Jäännösosuus | AA6: Jäännösarvo
Y7: Vuosi | Z7: =Diskonttaus!B3+Diskonttaus!B7 -> 2075
C8: =Diskonttaus!B3-10 -> 2035 | D8: =C8+1 -> 2036 | E8: =D8+1 -> 2037 | F8: =E8+1 -> 2038 | G8: =F8+1 -> 2039 | H8: =G8+1 -> 2040 | I8: =H8+1 -> 2041 | J8: =I8+1 -> 2042 | K8: =J8+1 -> 2043 | L8: =K8+1 -> 2044 | N8: =Diskonttaus!B5-10 -> 2045 | O8: =N8+1 -> 2046 | P8: =O8+1 -> 2047 | Q8: =P8+1 -> 2048 | R8: =Q8+1 -> 2049 | S8: =R8+1 -> 2050 | T8: =S8+1 -> 2051 | U8: =T8+1 -> 2052 | V8: =U8+1 -> 2053 | W8: =V8+1 -> 2054 | X8: Summa
B9: Hanke 1 | AA9: =Z9*X27/(1+Diskonttaus!$B$8)^(Investointikustannus!$Z$7-Diskonttaus!$B$2) -> 0
B10: Hanke 2 | AA10: =Z10*X28/(1+Diskonttaus!$B$8)^(Investointikustannus!$Z$7-Diskonttaus!$B$2) -> 0
B11: Hanke 3 | AA11: =Z11*X29/(1+Diskonttaus!$B$8)^(Investointikustannus!$Z$7-Diskonttaus!$B$2) -> 0
B12: Hanke 4 | AA12: =Z12*X30/(1+Diskonttaus!$B$8)^(Investointikustannus!$Z$7-Diskonttaus!$B$2) -> 0
B13: Hanke 5 | AA13: =Z13*X31/(1+Diskonttaus!$B$8)^(Investointikustannus!$Z$7-Diskonttaus!$B$2) -> 0
B14: Hanke 6 | AA14: =Z14*X32/(1+Diskonttaus!$B$8)^(Investointikustannus!$Z$7-Diskonttaus!$B$2) -> 0
B15: Hanke 7 | AA15: =Z15*X33/(1+Diskonttaus!$B$8)^(Investointikustannus!$Z$7-Diskonttaus!$B$2) -> 0
B16: Hanke 8 | AA16: =Z16*X34/(1+Diskonttaus!$B$8)^(Investointikustannus!$Z$7-Diskonttaus!$B$2) -> 0
B17: Hanke 9 | AA17: =Z17*X35/(1+Diskonttaus!$B$8)^(Investointikustannus!$Z$7-Diskonttaus!$B$2) -> 0
B18: Hanke 10 | AA18: =Z18*X36/(1+Diskonttaus!$B$8)^(Investointikustannus!$Z$7-Diskonttaus!$B$2) -> 0
B19: Hanke 11 | AA19: =Z19*X37/(1+Diskonttaus!$B$8)^(Investointikustannus!$Z$7-Diskonttaus!$B$2) -> 0
B20: Hanke 12 | AA20: =Z20*X38/(1+Diskonttaus!$B$8)^(Investointikustannus!$Z$7-Diskonttaus!$B$2) -> 0
... B22: Hanke 14 | AA22: =Z22*X40/(1+Diskonttaus!$B$8)^(Investointikustannus!$Z$7-Diskonttaus!$B$2) -> 0
B23: Summa | C23: =SUM(C9:C22) -> 0 | D23: =SUM(D9:D22) -> 0 | E23: =SUM(E9:E22) -> 0 | F23: =SUM(F9:F22) -> 0 | G23: =SUM(G9:G22) -> 0 | H23: =SUM(H9:H22) -> 0 | I23: =SUM(I9:I22) -> 0 | J23: =SUM(J9:J22) -> 0 | ... L23: =SUM(L9:L22) -> 0 | N23: =SUM(N9:N22) -> 0 | O23: =SUM(O9:O22) -> 0 | P23: =SUM(P9:P22) -> 0 | Q23: =SUM(Q9:Q22) -> 0 | R23: =SUM(R9:R22) -> 0 | S23: =SUM(S9:S22) -> 0 | T23: =SUM(T9:T22) -> 0 | U23: =SUM(U9:U22) -> 0 | ... W23: =SUM(W9:W22) -> 0 | X23: =SUM(C23:W23) -> 0 | AA23: =SUM(AA9:AA22) -> 0
B26: Diskonttaus
B27: Hanke 1 | C27: =C9/(1+Diskonttaus!$B$8)^(Investointikustannus!C$8-Diskonttaus!$B$2) -> 0 | D27: =D9/(1+Diskonttaus!$B$8)^(Investointikustannus!D$8-Diskonttaus!$B$2) -> 0 | E27: =E9/(1+Diskonttaus!$B$8)^(Investointikustannus!E$8-Diskonttaus!$B$2) -> 0 | F27: =F9/(1+Diskonttaus!$B$8)^(Investointikustannus!F$8-Diskonttaus!$B$2) -> 0 | G27: =G9/(1+Diskonttaus!$B$8)^(Investointikustannus!G$8-Diskonttaus!$B$2) -> 0 | H27: =H9/(1+Diskonttaus!$B$8)^(Investointikustannus!H$8-Diskonttaus!$B$2) -> 0 | I27: =I9/(1+Diskonttaus!$B$8)^(Investointikustannus!I$8-Diskonttaus!$B$2) -> 0 | J27: =J9/(1+Diskonttaus!$B$8)^(Investointikustannus!J$8-Diskonttaus!$B$2) -> 0 | ... L27: =L9/(1+Diskonttaus!$B$8)^(Investointikustannus!L$8-Diskonttaus!$B$2) -> 0 | N27: =N9/(1+Diskonttaus!$B$8)^(Investointikustannus!N$8-Diskonttaus!$B$2) -> 0 | O27: =O9/(1+Diskonttaus!$B$8)^(Investointikustannus!O$8-Diskonttaus!$B$2) -> 0 | P27: =P9/(1+Diskonttaus!$B$8)^(Investointikustannus!P$8-Diskonttaus!$B$2) -> 0 | Q27: =Q9/(1+Diskonttaus!$B$8)^(Investointikustannus!Q$8-Diskonttaus!$B$2) -> 0 | R27: =R9/(1+Diskonttaus!$B$8)^(Investointikustannus!R$8-Diskonttaus!$B$2) -> 0 | S27: =S9/(1+Diskonttaus!$B$8)^(Investointikustannus!S$8-Diskonttaus!$B$2) -> 0 | T27: =T9/(1+Diskonttaus!$B$8)^(Investointikustannus!T$8-Diskonttaus!$B$2) -> 0 | U27: =U9/(1+Diskonttaus!$B$8)^(Investointikustannus!U$8-Diskonttaus!$B$2) -> 0 | ... W27: =W9/(1+Diskonttaus!$B$8)^(Investointikustannus!W$8-Diskonttaus!$B$2) -> 0 | X27: =SUM(C27:W27) -> 0
B28: Hanke 2 | C28: =C10/(1+Diskonttaus!$B$8)^(Investointikustannus!C$8-Diskonttaus!$B$2) -> 0 | D28: =D10/(1+Diskonttaus!$B$8)^(Investointikustannus!D$8-Diskonttaus!$B$2) -> 0 | E28: =E10/(1+Diskonttaus!$B$8)^(Investointikustannus!E$8-Diskonttaus!$B$2) -> 0 | F28: =F10/(1+Diskonttaus!$B$8)^(Investointikustannus!F$8-Diskonttaus!$B$2) -> 0 | G28: =G10/(1+Diskonttaus!$B$8)^(Investointikustannus!G$8-Diskonttaus!$B$2) -> 0 | H28: =H10/(1+Diskonttaus!$B$8)^(Investointikustannus!H$8-Diskonttaus!$B$2) -> 0 | I28: =I10/(1+Diskonttaus!$B$8)^(Investointikustannus!I$8-Diskonttaus!$B$2) -> 0 | J28: =J10/(1+Diskonttaus!$B$8)^(Investointikustannus!J$8-Diskonttaus!$B$2) -> 0 | ... L28: =L10/(1+Diskonttaus!$B$8)^(Investointikustannus!L$8-Diskonttaus!$B$2) -> 0 | N28: =N10/(1+Diskonttaus!$B$8)^(Investointikustannus!N$8-Diskonttaus!$B$2) -> 0 | O28: =O10/(1+Diskonttaus!$B$8)^(Investointikustannus!O$8-Diskonttaus!$B$2) -> 0 | P28: =P10/(1+Diskonttaus!$B$8)^(Investointikustannus!P$8-Diskonttaus!$B$2) -> 0 | Q28: =Q10/(1+Diskonttaus!$B$8)^(Investointikustannus!Q$8-Diskonttaus!$B$2) -> 0 | R28: =R10/(1+Diskonttaus!$B$8)^(Investointikustannus!R$8-Diskonttaus!$B$2) -> 0 | S28: =S10/(1+Diskonttaus!$B$8)^(Investointikustannus!S$8-Diskonttaus!$B$2) -> 0 | T28: =T10/(1+Diskonttaus!$B$8)^(Investointikustannus!T$8-Diskonttaus!$B$2) -> 0 | U28: =U10/(1+Diskonttaus!$B$8)^(Investointikustannus!U$8-Diskonttaus!$B$2) -> 0 | ... W28: =W10/(1+Diskonttaus!$B$8)^(Investointikustannus!W$8-Diskonttaus!$B$2) -> 0 | X28: =SUM(C28:W28) -> 0
B29: Hanke 3 | C29: =C11/(1+Diskonttaus!$B$8)^(Investointikustannus!C$8-Diskonttaus!$B$2) -> 0 | D29: =D11/(1+Diskonttaus!$B$8)^(Investointikustannus!D$8-Diskonttaus!$B$2) -> 0 | E29: =E11/(1+Diskonttaus!$B$8)^(Investointikustannus!E$8-Diskonttaus!$B$2) -> 0 | F29: =F11/(1+Diskonttaus!$B$8)^(Investointikustannus!F$8-Diskonttaus!$B$2) -> 0 | G29: =G11/(1+Diskonttaus!$B$8)^(Investointikustannus!G$8-Diskonttaus!$B$2) -> 0 | H29: =H11/(1+Diskonttaus!$B$8)^(Investointikustannus!H$8-Diskonttaus!$B$2) -> 0 | I29: =I11/(1+Diskonttaus!$B$8)^(Investointikustannus!I$8-Diskonttaus!$B$2) -> 0 | J29: =J11/(1+Diskonttaus!$B$8)^(Investointikustannus!J$8-Diskonttaus!$B$2) -> 0 | ... L29: =L11/(1+Diskonttaus!$B$8)^(Investointikustannus!L$8-Diskonttaus!$B$2) -> 0 | N29: =N11/(1+Diskonttaus!$B$8)^(Investointikustannus!N$8-Diskonttaus!$B$2) -> 0 | O29: =O11/(1+Diskonttaus!$B$8)^(Investointikustannus!O$8-Diskonttaus!$B$2) -> 0 | P29: =P11/(1+Diskonttaus!$B$8)^(Investointikustannus!P$8-Diskonttaus!$B$2) -> 0 | Q29: =Q11/(1+Diskonttaus!$B$8)^(Investointikustannus!Q$8-Diskonttaus!$B$2) -> 0 | R29: =R11/(1+Diskonttaus!$B$8)^(Investointikustannus!R$8-Diskonttaus!$B$2) -> 0 | S29: =S11/(1+Diskonttaus!$B$8)^(Investointikustannus!S$8-Diskonttaus!$B$2) -> 0 | T29: =T11/(1+Diskonttaus!$B$8)^(Investointikustannus!T$8-Diskonttaus!$B$2) -> 0 | U29: =U11/(1+Diskonttaus!$B$8)^(Investointikustannus!U$8-Diskonttaus!$B$2) -> 0 | ... W29: =W11/(1+Diskonttaus!$B$8)^(Investointikustannus!W$8-Diskonttaus!$B$2) -> 0 | X29: =SUM(C29:W29) -> 0
B30: Hanke 4 | C30: =C12/(1+Diskonttaus!$B$8)^(Investointikustannus!C$8-Diskonttaus!$B$2) -> 0 | D30: =D12/(1+Diskonttaus!$B$8)^(Investointikustannus!D$8-Diskonttaus!$B$2) -> 0 | E30: =E12/(1+Diskonttaus!$B$8)^(Investointikustannus!E$8-Diskonttaus!$B$2) -> 0 | F30: =F12/(1+Diskonttaus!$B$8)^(Investointikustannus!F$8-Diskonttaus!$B$2) -> 0 | G30: =G12/(1+Diskonttaus!$B$8)^(Investointikustannus!G$8-Diskonttaus!$B$2) -> 0 | H30: =H12/(1+Diskonttaus!$B$8)^(Investointikustannus!H$8-Diskonttaus!$B$2) -> 0 | I30: =I12/(1+Diskonttaus!$B$8)^(Investointikustannus!I$8-Diskonttaus!$B$2) -> 0 | J30: =J12/(1+Diskonttaus!$B$8)^(Investointikustannus!J$8-Diskonttaus!$B$2) -> 0 | ... L30: =L12/(1+Diskonttaus!$B$8)^(Investointikustannus!L$8-Diskonttaus!$B$2) -> 0 | N30: =N12/(1+Diskonttaus!$B$8)^(Investointikustannus!N$8-Diskonttaus!$B$2) -> 0 | O30: =O12/(1+Diskonttaus!$B$8)^(Investointikustannus!O$8-Diskonttaus!$B$2) -> 0 | P30: =P12/(1+Diskonttaus!$B$8)^(Investointikustannus!P$8-Diskonttaus!$B$2) -> 0 | Q30: =Q12/(1+Diskonttaus!$B$8)^(Investointikustannus!Q$8-Diskonttaus!$B$2) -> 0 | R30: =R12/(1+Diskonttaus!$B$8)^(Investointikustannus!R$8-Diskonttaus!$B$2) -> 0 | S30: =S12/(1+Diskonttaus!$B$8)^(Investointikustannus!S$8-Diskonttaus!$B$2) -> 0 | T30: =T12/(1+Diskonttaus!$B$8)^(Investointikustannus!T$8-Diskonttaus!$B$2) -> 0 | U30: =U12/(1+Diskonttaus!$B$8)^(Investointikustannus!U$8-Diskonttaus!$B$2) -> 0 | ... W30: =W12/(1+Diskonttaus!$B$8)^(Investointikustannus!W$8-Diskonttaus!$B$2) -> 0 | X30: =SUM(C30:W30) -> 0
B31: Hanke 5 | C31: =C13/(1+Diskonttaus!$B$8)^(Investointikustannus!C$8-Diskonttaus!$B$2) -> 0 | D31: =D13/(1+Diskonttaus!$B$8)^(Investointikustannus!D$8-Diskonttaus!$B$2) -> 0 | E31: =E13/(1+Diskonttaus!$B$8)^(Investointikustannus!E$8-Diskonttaus!$B$2) -> 0 | F31: =F13/(1+Diskonttaus!$B$8)^(Investointikustannus!F$8-Diskonttaus!$B$2) -> 0 | G31: =G13/(1+Diskonttaus!$B$8)^(Investointikustannus!G$8-Diskonttaus!$B$2) -> 0 | H31: =H13/(1+Diskonttaus!$B$8)^(Investointikustannus!H$8-Diskonttaus!$B$2) -> 0 | I31: =I13/(1+Diskonttaus!$B$8)^(Investointikustannus!I$8-Diskonttaus!$B$2) -> 0 | J31: =J13/(1+Diskonttaus!$B$8)^(Investointikustannus!J$8-Diskonttaus!$B$2) -> 0 | ... L31: =L13/(1+Diskonttaus!$B$8)^(Investointikustannus!L$8-Diskonttaus!$B$2) -> 0 | N31: =N13/(1+Diskonttaus!$B$8)^(Investointikustannus!N$8-Diskonttaus!$B$2) -> 0 | O31: =O13/(1+Diskonttaus!$B$8)^(Investointikustannus!O$8-Diskonttaus!$B$2) -> 0 | P31: =P13/(1+Diskonttaus!$B$8)^(Investointikustannus!P$8-Diskonttaus!$B$2) -> 0 | Q31: =Q13/(1+Diskonttaus!$B$8)^(Investointikustannus!Q$8-Diskonttaus!$B$2) -> 0 | R31: =R13/(1+Diskonttaus!$B$8)^(Investointikustannus!R$8-Diskonttaus!$B$2) -> 0 | S31: =S13/(1+Diskonttaus!$B$8)^(Investointikustannus!S$8-Diskonttaus!$B$2) -> 0 | T31: =T13/(1+Diskonttaus!$B$8)^(Investointikustannus!T$8-Diskonttaus!$B$2) -> 0 | U31: =U13/(1+Diskonttaus!$B$8)^(Investointikustannus!U$8-Diskonttaus!$B$2) -> 0 | ... W31: =W13/(1+Diskonttaus!$B$8)^(Investointikustannus!W$8-Diskonttaus!$B$2) -> 0 | X31: =SUM(C31:W31) -> 0
B32: Hanke 6 | C32: =C14/(1+Diskonttaus!$B$8)^(Investointikustannus!C$8-Diskonttaus!$B$2) -> 0 | D32: =D14/(1+Diskonttaus!$B$8)^(Investointikustannus!D$8-Diskonttaus!$B$2) -> 0 | E32: =E14/(1+Diskonttaus!$B$8)^(Investointikustannus!E$8-Diskonttaus!$B$2) -> 0 | F32: =F14/(1+Diskonttaus!$B$8)^(Investointikustannus!F$8-Diskonttaus!$B$2) -> 0 | G32: =G14/(1+Diskonttaus!$B$8)^(Investointikustannus!G$8-Diskonttaus!$B$2) -> 0 | H32: =H14/(1+Diskonttaus!$B$8)^(Investointikustannus!H$8-Diskonttaus!$B$2) -> 0 | I32: =I14/(1+Diskonttaus!$B$8)^(Investointikustannus!I$8-Diskonttaus!$B$2) -> 0 | J32: =J14/(1+Diskonttaus!$B$8)^(Investointikustannus!J$8-Diskonttaus!$B$2) -> 0 | ... L32: =L14/(1+Diskonttaus!$B$8)^(Investointikustannus!L$8-Diskonttaus!$B$2) -> 0 | N32: =N14/(1+Diskonttaus!$B$8)^(Investointikustannus!N$8-Diskonttaus!$B$2) -> 0 | O32: =O14/(1+Diskonttaus!$B$8)^(Investointikustannus!O$8-Diskonttaus!$B$2) -> 0 | P32: =P14/(1+Diskonttaus!$B$8)^(Investointikustannus!P$8-Diskonttaus!$B$2) -> 0 | Q32: =Q14/(1+Diskonttaus!$B$8)^(Investointikustannus!Q$8-Diskonttaus!$B$2) -> 0 | R32: =R14/(1+Diskonttaus!$B$8)^(Investointikustannus!R$8-Diskonttaus!$B$2) -> 0 | S32: =S14/(1+Diskonttaus!$B$8)^(Investointikustannus!S$8-Diskonttaus!$B$2) -> 0 | T32: =T14/(1+Diskonttaus!$B$8)^(Investointikustannus!T$8-Diskonttaus!$B$2) -> 0 | U32: =U14/(1+Diskonttaus!$B$8)^(Investointikustannus!U$8-Diskonttaus!$B$2) -> 0 | ... W32: =W14/(1+Diskonttaus!$B$8)^(Investointikustannus!W$8-Diskonttaus!$B$2) -> 0 | X32: =SUM(C32:W32) -> 0
B33: Hanke 7 | C33: =C15/(1+Diskonttaus!$B$8)^(Investointikustannus!C$8-Diskonttaus!$B$2) -> 0 | D33: =D15/(1+Diskonttaus!$B$8)^(Investointikustannus!D$8-Diskonttaus!$B$2) -> 0 | E33: =E15/(1+Diskonttaus!$B$8)^(Investointikustannus!E$8-Diskonttaus!$B$2) -> 0 | F33: =F15/(1+Diskonttaus!$B$8)^(Investointikustannus!F$8-Diskonttaus!$B$2) -> 0 | G33: =G15/(1+Diskonttaus!$B$8)^(Investointikustannus!G$8-Diskonttaus!$B$2) -> 0 | H33: =H15/(1+Diskonttaus!$B$8)^(Investointikustannus!H$8-Diskonttaus!$B$2) -> 0 | I33: =I15/(1+Diskonttaus!$B$8)^(Investointikustannus!I$8-Diskonttaus!$B$2) -> 0 | J33: =J15/(1+Diskonttaus!$B$8)^(Investointikustannus!J$8-Diskonttaus!$B$2) -> 0 | ... L33: =L15/(1+Diskonttaus!$B$8)^(Investointikustannus!L$8-Diskonttaus!$B$2) -> 0 | N33: =N15/(1+Diskonttaus!$B$8)^(Investointikustannus!N$8-Diskonttaus!$B$2) -> 0 | O33: =O15/(1+Diskonttaus!$B$8)^(Investointikustannus!O$8-Diskonttaus!$B$2) -> 0 | P33: =P15/(1+Diskonttaus!$B$8)^(Investointikustannus!P$8-Diskonttaus!$B$2) -> 0 | Q33: =Q15/(1+Diskonttaus!$B$8)^(Investointikustannus!Q$8-Diskonttaus!$B$2) -> 0 | R33: =R15/(1+Diskonttaus!$B$8)^(Investointikustannus!R$8-Diskonttaus!$B$2) -> 0 | S33: =S15/(1+Diskonttaus!$B$8)^(Investointikustannus!S$8-Diskonttaus!$B$2) -> 0 | T33: =T15/(1+Diskonttaus!$B$8)^(Investointikustannus!T$8-Diskonttaus!$B$2) -> 0 | U33: =U15/(1+Diskonttaus!$B$8)^(Investointikustannus!U$8-Diskonttaus!$B$2) -> 0 | ... W33: =W15/(1+Diskonttaus!$B$8)^(Investointikustannus!W$8-Diskonttaus!$B$2) -> 0 | X33: =SUM(C33:W33) -> 0
B34: Hanke 8 | C34: =C16/(1+Diskonttaus!$B$8)^(Investointikustannus!C$8-Diskonttaus!$B$2) -> 0 | D34: =D16/(1+Diskonttaus!$B$8)^(Investointikustannus!D$8-Diskonttaus!$B$2) -> 0 | E34: =E16/(1+Diskonttaus!$B$8)^(Investointikustannus!E$8-Diskonttaus!$B$2) -> 0 | F34: =F16/(1+Diskonttaus!$B$8)^(Investointikustannus!F$8-Diskonttaus!$B$2) -> 0 | G34: =G16/(1+Diskonttaus!$B$8)^(Investointikustannus!G$8-Diskonttaus!$B$2) -> 0 | H34: =H16/(1+Diskonttaus!$B$8)^(Investointikustannus!H$8-Diskonttaus!$B$2) -> 0 | I34: =I16/(1+Diskonttaus!$B$8)^(Investointikustannus!I$8-Diskonttaus!$B$2) -> 0 | J34: =J16/(1+Diskonttaus!$B$8)^(Investointikustannus!J$8-Diskonttaus!$B$2) -> 0 | ... L34: =L16/(1+Diskonttaus!$B$8)^(Investointikustannus!L$8-Diskonttaus!$B$2) -> 0 | N34: =N16/(1+Diskonttaus!$B$8)^(Investointikustannus!N$8-Diskonttaus!$B$2) -> 0 | O34: =O16/(1+Diskonttaus!$B$8)^(Investointikustannus!O$8-Diskonttaus!$B$2) -> 0 | P34: =P16/(1+Diskonttaus!$B$8)^(Investointikustannus!P$8-Diskonttaus!$B$2) -> 0 | Q34: =Q16/(1+Diskonttaus!$B$8)^(Investointikustannus!Q$8-Diskonttaus!$B$2) -> 0 | R34: =R16/(1+Diskonttaus!$B$8)^(Investointikustannus!R$8-Diskonttaus!$B$2) -> 0 | S34: =S16/(1+Diskonttaus!$B$8)^(Investointikustannus!S$8-Diskonttaus!$B$2) -> 0 | T34: =T16/(1+Diskonttaus!$B$8)^(Investointikustannus!T$8-Diskonttaus!$B$2) -> 0 | U34: =U16/(1+Diskonttaus!$B$8)^(Investointikustannus!U$8-Diskonttaus!$B$2) -> 0 | ... W34: =W16/(1+Diskonttaus!$B$8)^(Investointikustannus!W$8-Diskonttaus!$B$2) -> 0 | X34: =SUM(C34:W34) -> 0
B35: Hanke 9 | C35: =C17/(1+Diskonttaus!$B$8)^(Investointikustannus!C$8-Diskonttaus!$B$2) -> 0 | D35: =D17/(1+Diskonttaus!$B$8)^(Investointikustannus!D$8-Diskonttaus!$B$2) -> 0 | E35: =E17/(1+Diskonttaus!$B$8)^(Investointikustannus!E$8-Diskonttaus!$B$2) -> 0 | F35: =F17/(1+Diskonttaus!$B$8)^(Investointikustannus!F$8-Diskonttaus!$B$2) -> 0 | G35: =G17/(1+Diskonttaus!$B$8)^(Investointikustannus!G$8-Diskonttaus!$B$2) -> 0 | H35: =H17/(1+Diskonttaus!$B$8)^(Investointikustannus!H$8-Diskonttaus!$B$2) -> 0 | I35: =I17/(1+Diskonttaus!$B$8)^(Investointikustannus!I$8-Diskonttaus!$B$2) -> 0 | J35: =J17/(1+Diskonttaus!$B$8)^(Investointikustannus!J$8-Diskonttaus!$B$2) -> 0 | ... L35: =L17/(1+Diskonttaus!$B$8)^(Investointikustannus!L$8-Diskonttaus!$B$2) -> 0 | N35: =N17/(1+Diskonttaus!$B$8)^(Investointikustannus!N$8-Diskonttaus!$B$2) -> 0 | O35: =O17/(1+Diskonttaus!$B$8)^(Investointikustannus!O$8-Diskonttaus!$B$2) -> 0 | P35: =P17/(1+Diskonttaus!$B$8)^(Investointikustannus!P$8-Diskonttaus!$B$2) -> 0 | Q35: =Q17/(1+Diskonttaus!$B$8)^(Investointikustannus!Q$8-Diskonttaus!$B$2) -> 0 | R35: =R17/(1+Diskonttaus!$B$8)^(Investointikustannus!R$8-Diskonttaus!$B$2) -> 0 | S35: =S17/(1+Diskonttaus!$B$8)^(Investointikustannus!S$8-Diskonttaus!$B$2) -> 0 | T35: =T17/(1+Diskonttaus!$B$8)^(Investointikustannus!T$8-Diskonttaus!$B$2) -> 0 | U35: =U17/(1+Diskonttaus!$B$8)^(Investointikustannus!U$8-Diskonttaus!$B$2) -> 0 | ... W35: =W17/(1+Diskonttaus!$B$8)^(Investointikustannus!W$8-Diskonttaus!$B$2) -> 0 | X35: =SUM(C35:W35) -> 0
B36: Hanke 10 | C36: =C18/(1+Diskonttaus!$B$8)^(Investointikustannus!C$8-Diskonttaus!$B$2) -> 0 | D36: =D18/(1+Diskonttaus!$B$8)^(Investointikustannus!D$8-Diskonttaus!$B$2) -> 0 | E36: =E18/(1+Diskonttaus!$B$8)^(Investointikustannus!E$8-Diskonttaus!$B$2) -> 0 | F36: =F18/(1+Diskonttaus!$B$8)^(Investointikustannus!F$8-Diskonttaus!$B$2) -> 0 | G36: =G18/(1+Diskonttaus!$B$8)^(Investointikustannus!G$8-Diskonttaus!$B$2) -> 0 | H36: =H18/(1+Diskonttaus!$B$8)^(Investointikustannus!H$8-Diskonttaus!$B$2) -> 0 | I36: =I18/(1+Diskonttaus!$B$8)^(Investointikustannus!I$8-Diskonttaus!$B$2) -> 0 | J36: =J18/(1+Diskonttaus!$B$8)^(Investointikustannus!J$8-Diskonttaus!$B$2) -> 0 | ... L36: =L18/(1+Diskonttaus!$B$8)^(Investointikustannus!L$8-Diskonttaus!$B$2) -> 0 | N36: =N18/(1+Diskonttaus!$B$8)^(Investointikustannus!N$8-Diskonttaus!$B$2) -> 0 | O36: =O18/(1+Diskonttaus!$B$8)^(Investointikustannus!O$8-Diskonttaus!$B$2) -> 0 | P36: =P18/(1+Diskonttaus!$B$8)^(Investointikustannus!P$8-Diskonttaus!$B$2) -> 0 | Q36: =Q18/(1+Diskonttaus!$B$8)^(Investointikustannus!Q$8-Diskonttaus!$B$2) -> 0 | R36: =R18/(1+Diskonttaus!$B$8)^(Investointikustannus!R$8-Diskonttaus!$B$2) -> 0 | S36: =S18/(1+Diskonttaus!$B$8)^(Investointikustannus!S$8-Diskonttaus!$B$2) -> 0 | T36: =T18/(1+Diskonttaus!$B$8)^(Investointikustannus!T$8-Diskonttaus!$B$2) -> 0 | U36: =U18/(1+Diskonttaus!$B$8)^(Investointikustannus!U$8-Diskonttaus!$B$2) -> 0 | ... W36: =W18/(1+Diskonttaus!$B$8)^(Investointikustannus!W$8-Diskonttaus!$B$2) -> 0 | X36: =SUM(C36:W36) -> 0
B37: Hanke 11 | C37: =C19/(1+Diskonttaus!$B$8)^(Investointikustannus!C$8-Diskonttaus!$B$2) -> 0 | D37: =D19/(1+Diskonttaus!$B$8)^(Investointikustannus!D$8-Diskonttaus!$B$2) -> 0 | E37: =E19/(1+Diskonttaus!$B$8)^(Investointikustannus!E$8-Diskonttaus!$B$2) -> 0 | F37: =F19/(1+Diskonttaus!$B$8)^(Investointikustannus!F$8-Diskonttaus!$B$2) -> 0 | G37: =G19/(1+Diskonttaus!$B$8)^(Investointikustannus!G$8-Diskonttaus!$B$2) -> 0 | H37: =H19/(1+Diskonttaus!$B$8)^(Investointikustannus!H$8-Diskonttaus!$B$2) -> 0 | I37: =I19/(1+Diskonttaus!$B$8)^(Investointikustannus!I$8-Diskonttaus!$B$2) -> 0 | J37: =J19/(1+Diskonttaus!$B$8)^(Investointikustannus!J$8-Diskonttaus!$B$2) -> 0 | ... L37: =L19/(1+Diskonttaus!$B$8)^(Investointikustannus!L$8-Diskonttaus!$B$2) -> 0 | N37: =N19/(1+Diskonttaus!$B$8)^(Investointikustannus!N$8-Diskonttaus!$B$2) -> 0 | O37: =O19/(1+Diskonttaus!$B$8)^(Investointikustannus!O$8-Diskonttaus!$B$2) -> 0 | P37: =P19/(1+Diskonttaus!$B$8)^(Investointikustannus!P$8-Diskonttaus!$B$2) -> 0 | Q37: =Q19/(1+Diskonttaus!$B$8)^(Investointikustannus!Q$8-Diskonttaus!$B$2) -> 0 | R37: =R19/(1+Diskonttaus!$B$8)^(Investointikustannus!R$8-Diskonttaus!$B$2) -> 0 | S37: =S19/(1+Diskonttaus!$B$8)^(Investointikustannus!S$8-Diskonttaus!$B$2) -> 0 | T37: =T19/(1+Diskonttaus!$B$8)^(Investointikustannus!T$8-Diskonttaus!$B$2) -> 0 | U37: =U19/(1+Diskonttaus!$B$8)^(Investointikustannus!U$8-Diskonttaus!$B$2) -> 0 | ... W37: =W19/(1+Diskonttaus!$B$8)^(Investointikustannus!W$8-Diskonttaus!$B$2) -> 0 | X37: =SUM(C37:W37) -> 0
B38: Hanke 12 | C38: =C20/(1+Diskonttaus!$B$8)^(Investointikustannus!C$8-Diskonttaus!$B$2) -> 0 | D38: =D20/(1+Diskonttaus!$B$8)^(Investointikustannus!D$8-Diskonttaus!$B$2) -> 0 | E38: =E20/(1+Diskonttaus!$B$8)^(Investointikustannus!E$8-Diskonttaus!$B$2) -> 0 | F38: =F20/(1+Diskonttaus!$B$8)^(Investointikustannus!F$8-Diskonttaus!$B$2) -> 0 | G38: =G20/(1+Diskonttaus!$B$8)^(Investointikustannus!G$8-Diskonttaus!$B$2) -> 0 | H38: =H20/(1+Diskonttaus!$B$8)^(Investointikustannus!H$8-Diskonttaus!$B$2) -> 0 | I38: =I20/(1+Diskonttaus!$B$8)^(Investointikustannus!I$8-Diskonttaus!$B$2) -> 0 | J38: =J20/(1+Diskonttaus!$B$8)^(Investointikustannus!J$8-Diskonttaus!$B$2) -> 0 | ... L38: =L20/(1+Diskonttaus!$B$8)^(Investointikustannus!L$8-Diskonttaus!$B$2) -> 0 | N38: =N20/(1+Diskonttaus!$B$8)^(Investointikustannus!N$8-Diskonttaus!$B$2) -> 0 | O38: =O20/(1+Diskonttaus!$B$8)^(Investointikustannus!O$8-Diskonttaus!$B$2) -> 0 | P38: =P20/(1+Diskonttaus!$B$8)^(Investointikustannus!P$8-Diskonttaus!$B$2) -> 0 | Q38: =Q20/(1+Diskonttaus!$B$8)^(Investointikustannus!Q$8-Diskonttaus!$B$2) -> 0 | R38: =R20/(1+Diskonttaus!$B$8)^(Investointikustannus!R$8-Diskonttaus!$B$2) -> 0 | S38: =S20/(1+Diskonttaus!$B$8)^(Investointikustannus!S$8-Diskonttaus!$B$2) -> 0 | T38: =T20/(1+Diskonttaus!$B$8)^(Investointikustannus!T$8-Diskonttaus!$B$2) -> 0 | U38: =U20/(1+Diskonttaus!$B$8)^(Investointikustannus!U$8-Diskonttaus!$B$2) -> 0 | ... W38: =W20/(1+Diskonttaus!$B$8)^(Investointikustannus!W$8-Diskonttaus!$B$2) -> 0 | X38: =SUM(C38:W38) -> 0
... B40: Hanke 14 | C40: =C22/(1+Diskonttaus!$B$8)^(Investointikustannus!C$8-Diskonttaus!$B$2) -> 0 | D40: =D22/(1+Diskonttaus!$B$8)^(Investointikustannus!D$8-Diskonttaus!$B$2) -> 0 | E40: =E22/(1+Diskonttaus!$B$8)^(Investointikustannus!E$8-Diskonttaus!$B$2) -> 0 | F40: =F22/(1+Diskonttaus!$B$8)^(Investointikustannus!F$8-Diskonttaus!$B$2) -> 0 | G40: =G22/(1+Diskonttaus!$B$8)^(Investointikustannus!G$8-Diskonttaus!$B$2) -> 0 | H40: =H22/(1+Diskonttaus!$B$8)^(Investointikustannus!H$8-Diskonttaus!$B$2) -> 0 | I40: =I22/(1+Diskonttaus!$B$8)^(Investointikustannus!I$8-Diskonttaus!$B$2) -> 0 | J40: =J22/(1+Diskonttaus!$B$8)^(Investointikustannus!J$8-Diskonttaus!$B$2) -> 0 | ... L40: =L22/(1+Diskonttaus!$B$8)^(Investointikustannus!L$8-Diskonttaus!$B$2) -> 0 | N40: =N22/(1+Diskonttaus!$B$8)^(Investointikustannus!N$8-Diskonttaus!$B$2) -> 0 | O40: =O22/(1+Diskonttaus!$B$8)^(Investointikustannus!O$8-Diskonttaus!$B$2) -> 0 | P40: =P22/(1+Diskonttaus!$B$8)^(Investointikustannus!P$8-Diskonttaus!$B$2) -> 0 | Q40: =Q22/(1+Diskonttaus!$B$8)^(Investointikustannus!Q$8-Diskonttaus!$B$2) -> 0 | R40: =R22/(1+Diskonttaus!$B$8)^(Investointikustannus!R$8-Diskonttaus!$B$2) -> 0 | S40: =S22/(1+Diskonttaus!$B$8)^(Investointikustannus!S$8-Diskonttaus!$B$2) -> 0 | T40: =T22/(1+Diskonttaus!$B$8)^(Investointikustannus!T$8-Diskonttaus!$B$2) -> 0 | U40: =U22/(1+Diskonttaus!$B$8)^(Investointikustannus!U$8-Diskonttaus!$B$2) -> 0 | ... W40: =W22/(1+Diskonttaus!$B$8)^(Investointikustannus!W$8-Diskonttaus!$B$2) -> 0 | X40: =SUM(C40:W40) -> 0
B41: Summa | C41: =SUM(C27:C40) -> 0 | D41: =SUM(D27:D40) -> 0 | E41: =SUM(E27:E40) -> 0 | F41: =SUM(F27:F40) -> 0 | G41: =SUM(G27:G40) -> 0 | H41: =SUM(H27:H40) -> 0 | I41: =SUM(I27:I40) -> 0 | J41: =SUM(J27:J40) -> 0 | ... L41: =SUM(L27:L40) -> 0 | N41: =SUM(N27:N40) -> 0 | O41: =SUM(O27:O40) -> 0 | P41: =SUM(P27:P40) -> 0 | Q41: =SUM(Q27:Q40) -> 0 | R41: =SUM(R27:R40) -> 0 | S41: =SUM(S27:S40) -> 0 | T41: =SUM(T27:T40) -> 0 | U41: =SUM(U27:U40) -> 0 | ... W41: =SUM(W27:W40) -> 0
